Station_ID,RAW_DIS_NEAREST_DAM_Binary,Mean_Severity,SFD_Frequency,Mean_Duration,Ecoregion
10026500,Dam_Absent,23.08,2,67.0,WestXeric
10028500,Dam_Absent,18.04,4,119.25,WestXeric
10105900,Dam_Absent,17.05,10,64.0,WestMnts
1011000,Dam_Absent,16.16,15,64.47,NorthEast
10126000,Dam_Absent,13.7,4,60.5,WestXeric
10129900,Dam_Present,18.57,10,32.2,WestMnts
10153100,Dam_Absent,12.83,2,98.0,WestMnts
10153800,Dam_Absent,19.08,2,47.5,WestMnts
10155500,Dam_Present,15.54,8,134.62,WestMnts
10156000,Dam_Absent,18.82,13,44.38,WestMnts
1017000,Dam_Present,14.73,13,40.85,NorthEast
10171000,Dam_Present,16.26,14,57.86,WestMnts
1017290,Dam_Present,11.95,2,112.0,NorthEast
10174500,Dam_Absent,15.01,8,136.25,WestMnts
1017960,Dam_Absent,15.12,10,38.7,NorthEast
1018000,Dam_Absent,19.52,7,31.0,NorthEast
10180000,Dam_Absent,20.2,3,31.0,WestMnts
10183500,Dam_Absent,13.99,9,63.11,WestMnts
10189000,Dam_Absent,14.84,14,44.07,WestMnts
1019000,Dam_Present,14.93,13,36.69,NorthEast
10191500,Dam_Present,17.41,11,26.82,WestMnts
10194000,Dam_Absent,21.43,3,53.33,WestMnts
10194200,Dam_Absent,17.19,10,40.9,WestMnts
10205000,Dam_Present,15.07,7,31.71,WestMnts
10205030,Dam_Present,21.18,2,91.5,WestMnts
1021200,Dam_Absent,17.36,10,66.4,NorthEast
1021500,Dam_Absent,18.64,3,40.67,NorthEast
10215900,Dam_Present,13.33,7,89.86,WestMnts
10217000,Dam_Absent,13.9,14,55.29,WestMnts
10219000,Dam_Present,16.35,24,24.12,WestMnts
1022330,Dam_Present,21.56,1,48.0,NorthEast
10224000,Dam_Absent,14.28,19,21.37,WestMnts
10234500,Dam_Absent,20.34,4,27.75,WestMnts
10237000,Dam_Present,17.79,4,680.0,WestMnts
10239000,Dam_Present,19.14,2,118.5,WestXeric
10242000,Dam_Present,12.23,11,27.91,WestMnts
10251300,Dam_Absent,15.74,9,59.0,WestXeric
10260500,Dam_Absent,16.68,5,54.6,WestXeric
1027200,Dam_Absent,15.35,7,29.71,NorthEast
10290500,Dam_Present,20.34,8,43.12,WestMnts
1029200,Dam_Present,16.91,14,34.21,NorthEast
10293000,Dam_Present,22.19,3,72.0,WestXeric
10293500,Dam_Absent,16.49,2,199.5,WestXeric
1029500,Dam_Absent,15.61,12,34.25,NorthEast
10295500,Dam_Present,14.63,1,149.0,WestXeric
10296000,Dam_Present,19.13,5,151.8,WestMnts
10296500,Dam_Absent,17.55,5,165.6,WestMnts
1030500,Dam_Absent,14.3,17,40.29,NorthEast
10309000,Dam_Absent,15.33,5,107.6,WestMnts
10310000,Dam_Absent,16.76,5,37.4,WestMnts
1031450,Dam_Absent,14.16,15,32.4,NorthEast
1031500,Dam_Present,15.32,20,34.6,NorthEast
1031510,Dam_Present,15.8,7,56.57,NorthEast
10321000,Dam_Absent,14.84,4,69.75,WestXeric
10322000,Dam_Absent,18.17,10,67.1,WestXeric
10327500,Dam_Absent,18.68,2,71.0,WestXeric
10329000,Dam_Absent,15.57,9,104.67,WestXeric
10350400,Dam_Absent,21.66,1,110.0,WestMnts
1037380,Dam_Present,16.03,7,76.86,NorthEast
1042500,Dam_Absent,18.28,13,30.77,NorthEast
1043500,Dam_Present,18.25,5,30.6,NorthEast
1044550,Dam_Absent,14.43,12,25.92,NorthEast
1046500,Dam_Present,16.57,15,26.2,NorthEast
1047150,Dam_Present,15.78,5,27.6,NorthEast
1048220,Dam_Absent,13.67,7,36.29,NorthEast
1059000,Dam_Present,15.96,15,30.6,NorthEast
1060000,Dam_Present,21.55,3,27.67,NorthEast
1065500,Dam_Absent,22.75,1,22.0,NorthEast
1068910,Dam_Present,15.45,8,44.25,NorthEast
1069500,Dam_Present,14.81,5,51.2,NorthEast
1072800,Dam_Present,14.41,12,50.58,NorthEast
1073319,Dam_Absent,15.46,9,49.33,NorthEast
1073500,Dam_Present,14.47,13,50.46,NorthEast
10735562,Dam_Present,18.03,6,70.5,NorthEast
1073587,Dam_Present,16.08,14,49.29,NorthEast
1073785,Dam_Present,15.71,7,36.71,NorthEast
1074520,Dam_Present,13.97,14,27.14,NorthEast
1075000,Dam_Absent,12.12,10,25.7,NorthEast
1076000,Dam_Present,12.33,10,29.9,NorthEast
1076500,Dam_Present,13.52,13,33.23,NorthEast
1077400,Dam_Present,14.41,12,24.42,NorthEast
1078000,Dam_Absent,14.0,17,34.0,NorthEast
1081000,Dam_Present,16.31,16,35.38,NorthEast
1081500,Dam_Present,15.34,14,31.21,NorthEast
1082000,Dam_Present,14.36,10,47.4,NorthEast
1085000,Dam_Present,19.19,4,61.5,NorthEast
1085500,Dam_Present,16.48,11,47.64,NorthEast
1086000,Dam_Absent,14.68,13,42.38,NorthEast
1089100,Dam_Present,15.53,11,40.73,NorthEast
1089500,Dam_Absent,18.11,7,53.43,NorthEast
1091000,Dam_Present,15.21,8,54.38,NorthEast
1091500,Dam_Present,20.07,2,57.0,NorthEast
1092000,Dam_Present,14.89,20,35.9,NorthEast
1093852,Dam_Present,15.16,8,44.38,NorthEast
1094000,Dam_Absent,14.39,10,48.6,NorthEast
1096000,Dam_Present,15.53,18,37.17,NorthEast
1096500,Dam_Present,18.45,9,32.78,NorthEast
10965852,Dam_Absent,16.17,11,39.36,NorthEast
1097000,Dam_Present,14.75,16,28.94,NorthEast
1097300,Dam_Present,15.7,13,53.08,NorthEast
1098530,Dam_Present,12.57,15,30.93,NorthEast
1099500,Dam_Present,17.18,12,43.5,NorthEast
1100000,Dam_Present,13.85,19,39.68,NorthEast
1100505,Dam_Present,15.73,8,56.38,NorthEast
1100561,Dam_Absent,13.59,6,46.17,NorthEast
1100600,Dam_Absent,14.78,18,27.56,NorthEast
1100627,Dam_Present,16.3,5,56.2,NorthEast
1101000,Dam_Present,14.91,12,74.0,NorthEast
1101500,Dam_Present,17.21,11,52.73,NorthEast
1103280,Dam_Present,15.28,13,43.0,NorthEast
11047300,Dam_Absent,17.69,7,40.57,WestXeric
11048553,Dam_Present,16.18,8,32.62,WestXeric
11048600,Dam_Present,17.44,10,26.0,WestXeric
11073300,Dam_Absent,15.08,9,33.67,WestXeric
1108000,Dam_Present,13.69,12,45.5,NorthEast
1108410,Dam_Present,14.33,8,61.5,NorthEast
1109000,Dam_Present,14.88,15,90.0,NorthEast
1109060,Dam_Present,15.3,13,55.08,NorthEast
1109070,Dam_Present,16.27,13,64.69,NorthEast
11092450,Dam_Present,16.72,5,56.8,WestXeric
1109403,Dam_Present,14.0,17,36.06,NorthEast
1109730,Dam_Present,14.42,4,24.75,NorthEast
1110000,Dam_Present,15.31,14,38.43,NorthEast
11109000,Dam_Absent,15.23,6,36.83,WestXeric
1111212,Dam_Present,13.59,9,27.33,NorthEast
1111300,Dam_Present,13.62,14,38.0,NorthEast
1111500,Dam_Present,15.39,20,35.8,NorthEast
1113695,Dam_Present,12.78,1,17.0,NorthEast
11153650,Dam_Absent,24.2,1,46.0,WestXeric
11162620,Dam_Present,17.53,2,134.0,WestMnts
11173500,Dam_Present,15.85,3,61.33,WestXeric
11173510,Dam_Present,16.11,2,175.5,WestXeric
11173575,Dam_Present,15.93,2,87.5,WestXeric
1117370,Dam_Present,14.45,11,46.18,NorthEast
1117468,Dam_Absent,15.51,17,39.24,NorthEast
11176900,Dam_Absent,10.79,1,140.0,WestXeric
1117800,Dam_Present,13.91,14,46.29,NorthEast
1119500,Dam_Present,13.28,17,37.76,NorthEast
1121000,Dam_Present,14.33,17,32.94,NorthEast
1122000,Dam_Present,15.51,15,49.27,NorthEast
1122500,Dam_Present,13.96,22,33.59,NorthEast
1123000,Dam_Absent,13.75,15,36.0,NorthEast
1125000,Dam_Present,18.24,10,38.6,NorthEast
1125100,Dam_Present,17.15,14,39.93,NorthEast
1125500,Dam_Present,17.42,11,55.0,NorthEast
1127000,Dam_Present,17.3,18,31.83,NorthEast
1127500,Dam_Present,14.45,17,35.94,NorthEast
1129200,Dam_Present,13.37,11,30.73,NorthEast
1130000,Dam_Absent,14.49,12,27.0,NorthEast
11335655,Dam_Present,22.96,2,66.5,WestXeric
11336585,Dam_Absent,20.28,10,22.3,WestXeric
1134500,Dam_Absent,13.0,14,28.57,NorthEast
1135500,Dam_Present,13.3,14,39.5,NorthEast
1139000,Dam_Absent,12.62,14,25.57,NorthEast
1144000,Dam_Present,12.52,16,36.88,NorthEast
11451000,Dam_Present,18.22,1,209.0,WestXeric
11465200,Dam_Present,18.21,9,37.67,WestXeric
11466320,Dam_Present,16.8,2,94.5,WestXeric
11466800,Dam_Present,21.84,3,80.33,WestXeric
11473900,Dam_Absent,16.21,3,83.0,WestMnts
11481000,Dam_Absent,15.14,7,43.29,WestMnts
1150900,Dam_Present,12.93,18,24.89,NorthEast
1151500,Dam_Present,16.57,13,36.0,NorthEast
1152500,Dam_Present,12.99,19,32.0,NorthEast
11525630,Dam_Absent,14.87,1,64.0,WestMnts
1153000,Dam_Present,19.2,4,33.75,NorthEast
1153550,Dam_Absent,13.89,18,27.94,NorthEast
1154000,Dam_Absent,14.89,11,24.82,NorthEast
1154500,Dam_Present,14.8,15,25.87,NorthEast
1155500,Dam_Present,15.77,11,38.09,NorthEast
1157000,Dam_Present,15.9,9,28.22,NorthEast
1158000,Dam_Present,15.64,17,38.06,NorthEast
1160350,Dam_Present,15.26,16,37.12,NorthEast
1161000,Dam_Present,14.2,17,34.06,NorthEast
1162000,Dam_Present,16.26,14,36.07,NorthEast
1162500,Dam_Absent,12.24,19,40.63,NorthEast
1163200,Dam_Present,14.24,18,34.5,NorthEast
1166500,Dam_Present,14.26,19,36.53,NorthEast
1168151,Dam_Present,24.23,1,16.0,NorthEast
1168500,Dam_Present,17.12,15,30.0,NorthEast
1169000,Dam_Present,14.11,23,26.7,NorthEast
1169900,Dam_Absent,15.75,18,34.22,NorthEast
1170000,Dam_Present,14.15,12,30.25,NorthEast
1170100,Dam_Absent,11.87,20,28.35,NorthEast
1170500,Dam_Present,15.84,13,29.54,NorthEast
1171300,Dam_Present,21.1,2,29.5,NorthEast
1171500,Dam_Present,14.32,19,30.63,NorthEast
1172500,Dam_Present,15.82,17,36.24,NorthEast
1173000,Dam_Present,18.2,6,49.67,NorthEast
1173500,Dam_Present,17.75,14,39.36,NorthEast
1181000,Dam_Absent,15.24,21,29.14,NorthEast
1183500,Dam_Present,15.82,20,31.65,NorthEast
1184000,Dam_Present,16.5,15,30.87,NorthEast
1184100,Dam_Present,15.42,14,37.71,NorthEast
1185500,Dam_Present,13.8,21,34.24,NorthEast
1186000,Dam_Present,17.27,13,30.46,NorthEast
1186500,Dam_Present,14.66,17,31.41,NorthEast
1187300,Dam_Absent,13.47,13,32.08,NorthEast
1188090,Dam_Present,15.44,15,57.33,NorthEast
1189000,Dam_Present,12.96,8,31.38,NorthEast
1189995,Dam_Present,16.23,18,45.89,NorthEast
1191000,Dam_Present,15.03,6,19.83,NorthEast
1192500,Dam_Present,12.15,18,22.94,NorthEast
1192883,Dam_Present,14.08,18,43.28,NorthEast
1193500,Dam_Present,13.09,15,27.73,NorthEast
1194000,Dam_Absent,15.51,8,37.62,NorthEast
1195490,Dam_Present,12.66,13,28.69,NorthEast
1196500,Dam_Present,10.3,11,27.36,NorthEast
1196561,Dam_Present,16.92,8,39.25,NorthEast
1196620,Dam_Present,12.83,15,30.0,NorthEast
1197000,Dam_Present,13.8,18,28.5,NorthEast
1197500,Dam_Present,13.83,20,27.0,NorthEast
1198000,Dam_Present,17.88,9,58.11,NorthEast
1198125,Dam_Present,17.21,13,32.46,NorthEast
1203805,Dam_Absent,13.16,11,36.45,NorthEast
12058790,Dam_Present,13.57,3,39.33,WestMnts
12076800,Dam_Absent,16.1,3,53.33,WestMnts
12080010,Dam_Absent,15.35,8,59.0,WestMnts
1208990,Dam_Present,13.58,16,42.06,NorthEast
12105900,Dam_Present,16.08,2,85.5,WestMnts
12116400,Dam_Present,15.61,7,47.43,WestMnts
12155300,Dam_Absent,13.48,10,52.0,WestMnts
12158010,Dam_Present,16.42,9,43.22,WestMnts
12158040,Dam_Absent,16.89,11,29.36,WestMnts
12210700,Dam_Absent,19.89,5,25.0,WestMnts
12344000,Dam_Absent,16.5,8,37.5,WestMnts
12350250,Dam_Absent,16.48,10,40.8,WestMnts
12351200,Dam_Present,24.51,1,16.0,WestMnts
12352500,Dam_Absent,16.21,9,43.22,WestMnts
12353000,Dam_Absent,17.23,7,69.57,WestMnts
12354000,Dam_Absent,18.14,2,27.0,WestMnts
12375900,Dam_Present,16.27,9,86.44,WestMnts
12409000,Dam_Present,15.79,2,115.5,WestMnts
12413125,Dam_Present,19.17,3,50.33,WestMnts
12434590,Dam_Absent,18.46,3,100.67,WestMnts
12458000,Dam_Absent,17.91,5,66.2,WestMnts
13018350,Dam_Absent,17.28,7,82.29,WestMnts
13113000,Dam_Absent,21.61,2,52.5,WestMnts
13161500,Dam_Absent,17.04,2,42.0,WestXeric
13181000,Dam_Absent,16.52,4,70.0,WestXeric
13183000,Dam_Present,17.45,1,75.0,WestXeric
13215000,Dam_Present,17.61,3,74.0,WestMnts
13217500,Dam_Present,20.42,4,49.5,WestMnts
13233300,Dam_Absent,15.0,6,117.17,WestXeric
13236500,Dam_Present,14.84,19,35.26,WestMnts
13265500,Dam_Absent,17.01,12,41.0,WestXeric
13307000,Dam_Absent,19.14,5,95.0,WestMnts
13310199,Dam_Absent,23.31,1,151.0,WestMnts
1331500,Dam_Present,12.63,19,26.74,NorthEast
13316500,Dam_Absent,22.24,3,47.0,WestMnts
13329770,Dam_Absent,18.03,3,63.67,WestMnts
13333000,Dam_Absent,18.14,9,61.56,WestMnts
1382500,Dam_Present,14.83,16,57.38,NorthEast
1396190,Dam_Present,18.88,3,22.0,NorthEast
14018500,Dam_Absent,15.71,10,35.3,WestXeric
1406050,Dam_Present,13.1,10,23.6,SECstPlain
1409280,Dam_Present,13.25,14,34.93,SECstPlain
14111400,Dam_Absent,17.63,8,73.12,WestMnts
14113000,Dam_Present,16.46,4,98.0,WestMnts
14113200,Dam_Absent,18.79,6,34.33,WestMnts
14137002,Dam_Present,18.54,2,40.5,WestMnts
14138850,Dam_Absent,16.16,6,63.67,WestMnts
14140000,Dam_Present,16.05,14,140.71,WestMnts
14142500,Dam_Present,14.35,4,60.75,WestMnts
14142800,Dam_Present,13.89,9,38.67,WestMnts
14194150,Dam_Present,17.09,8,38.0,WestMnts
14200000,Dam_Absent,17.63,3,48.0,WestMnts
14201300,Dam_Present,15.64,15,27.6,WestMnts
14201340,Dam_Present,18.38,8,43.88,WestMnts
14201500,Dam_Absent,18.81,4,36.5,WestMnts
14202000,Dam_Absent,15.65,6,37.83,WestMnts
14203500,Dam_Present,16.82,17,66.65,WestMnts
14205400,Dam_Present,14.95,4,34.25,WestMnts
14207500,Dam_Absent,14.79,17,31.29,WestMnts
14211010,Dam_Absent,12.77,5,62.2,WestMnts
14220500,Dam_Present,14.77,8,46.0,WestMnts
14231000,Dam_Absent,17.04,6,67.17,WestMnts
14242580,Dam_Absent,12.94,1,75.0,WestMnts
14243000,Dam_Absent,14.98,7,38.43,WestMnts
14302480,Dam_Absent,17.79,5,41.8,WestMnts
1432110,Dam_Absent,17.37,9,22.11,NorthEast
14354200,Dam_Absent,14.78,13,48.08,WestMnts
1439800,Dam_Present,17.74,1,30.0,NorthEast
1449800,Dam_Present,13.44,10,33.9,NorthEast
1451000,Dam_Absent,17.16,8,46.88,NorthEast
1455500,Dam_Present,15.87,6,60.33,NorthEast
1466900,Dam_Absent,14.85,14,38.86,SECstPlain
1468500,Dam_Present,14.1,18,27.67,EastHghlnds
1469500,Dam_Present,14.51,14,30.29,EastHghlnds
1470500,Dam_Present,14.31,22,27.86,EastHghlnds
1470960,Dam_Present,15.7,13,36.92,EastHghlnds
1471000,Dam_Present,15.6,15,32.8,EastHghlnds
1471510,Dam_Present,15.41,17,29.41,EastHghlnds
1472000,Dam_Present,14.48,21,24.9,EastHghlnds
1473500,Dam_Present,16.41,11,26.82,EastHghlnds
1475850,Dam_Absent,11.67,14,22.71,SEPlains
1476480,Dam_Present,13.94,16,22.56,SEPlains
1477000,Dam_Absent,12.53,11,26.18,SEPlains
1477800,Dam_Present,8.89,5,23.2,SEPlains
1478245,Dam_Present,14.45,12,28.5,SEPlains
1478650,Dam_Absent,14.88,14,28.36,SEPlains
1479000,Dam_Present,11.42,10,24.8,SEPlains
1479820,Dam_Present,10.78,10,27.1,SEPlains
1480000,Dam_Present,11.18,11,26.73,SEPlains
1480015,Dam_Absent,12.64,10,25.5,SEPlains
1480400,Dam_Present,17.18,11,25.09,SEPlains
1480500,Dam_Present,15.52,13,28.15,SEPlains
1480617,Dam_Absent,15.03,15,25.13,SEPlains
1480685,Dam_Present,16.64,18,41.0,SEPlains
1480700,Dam_Present,14.28,18,21.0,SEPlains
1480870,Dam_Absent,13.67,13,23.77,SEPlains
1481000,Dam_Present,13.84,7,25.14,SEPlains
1483700,Dam_Present,14.1,19,26.74,SECstPlain
1484525,Dam_Present,15.33,12,58.17,SECstPlain
1486500,Dam_Present,15.3,7,33.29,SECstPlain
1491500,Dam_Present,14.6,10,31.9,SECstPlain
1493000,Dam_Present,16.24,15,29.87,SECstPlain
1518700,Dam_Present,16.9,13,43.77,NorthEast
1518862,Dam_Present,14.96,16,30.44,NorthEast
1520000,Dam_Present,15.81,11,53.18,NorthEast
1534500,Dam_Present,15.16,11,47.36,EastHghlnds
1534860,Dam_Present,12.07,8,30.0,EastHghlnds
1548005,Dam_Absent,19.5,3,53.33,EastHghlnds
1553700,Dam_Present,14.28,14,34.36,EastHghlnds
1555000,Dam_Absent,15.53,17,35.59,EastHghlnds
1555500,Dam_Absent,15.0,15,36.8,EastHghlnds
1564500,Dam_Absent,12.72,16,30.44,EastHghlnds
1566000,Dam_Absent,12.79,11,23.36,EastHghlnds
1573825,Dam_Absent,13.88,9,25.0,SEPlains
1581757,Dam_Present,13.27,10,23.8,SEPlains
1581920,Dam_Present,15.09,15,28.6,SEPlains
1585500,Dam_Present,15.67,15,33.07,SEPlains
1589000,Dam_Present,12.9,10,29.0,SEPlains
1589300,Dam_Present,11.69,11,20.91,SEPlains
1589352,Dam_Present,11.91,10,22.8,SEPlains
1589440,Dam_Present,13.16,13,29.62,SEPlains
1594526,Dam_Present,12.23,13,22.15,SEPlains
1599000,Dam_Present,13.71,16,31.38,EastHghlnds
1600000,Dam_Present,21.32,1,33.0,EastHghlnds
1601000,Dam_Absent,14.71,10,29.9,EastHghlnds
1601500,Dam_Absent,11.48,10,40.5,EastHghlnds
1603000,Dam_Present,15.06,12,29.67,EastHghlnds
1604500,Dam_Present,15.54,15,34.13,EastHghlnds
1607500,Dam_Present,17.13,17,24.71,EastHghlnds
1608000,Dam_Absent,15.49,13,37.77,EastHghlnds
1608500,Dam_Absent,16.17,12,31.83,EastHghlnds
1609000,Dam_Absent,14.35,11,31.27,EastHghlnds
1610000,Dam_Absent,16.41,17,26.29,EastHghlnds
1610155,Dam_Absent,14.56,10,45.7,EastHghlnds
1611500,Dam_Absent,14.59,12,29.42,EastHghlnds
1613000,Dam_Present,15.66,14,28.79,EastHghlnds
1613525,Dam_Absent,14.26,8,28.75,EastHghlnds
1613900,Dam_Present,11.56,8,38.0,EastHghlnds
1614000,Dam_Absent,13.83,14,23.57,EastHghlnds
1614500,Dam_Absent,13.06,12,29.33,EastHghlnds
1614830,Dam_Present,16.32,2,44.0,EastHghlnds
1615000,Dam_Present,15.03,13,28.46,EastHghlnds
1616500,Dam_Absent,14.52,13,29.69,EastHghlnds
1618000,Dam_Absent,18.14,6,37.5,EastHghlnds
1619000,Dam_Absent,15.52,12,29.08,EastHghlnds
1619500,Dam_Absent,16.94,13,29.23,EastHghlnds
1622000,Dam_Absent,14.82,14,32.0,EastHghlnds
1625000,Dam_Absent,14.96,5,73.0,EastHghlnds
1626000,Dam_Present,15.79,11,40.36,EastHghlnds
1626850,Dam_Present,15.04,11,27.36,EastHghlnds
1627500,Dam_Absent,16.01,12,24.67,EastHghlnds
1628500,Dam_Absent,12.7,8,46.0,EastHghlnds
1629500,Dam_Absent,16.39,13,30.38,EastHghlnds
1631000,Dam_Present,16.64,14,32.43,EastHghlnds
1632000,Dam_Absent,14.42,9,46.44,EastHghlnds
1633000,Dam_Absent,15.65,17,40.06,EastHghlnds
1634000,Dam_Absent,13.33,14,43.07,EastHghlnds
1634500,Dam_Absent,14.19,13,32.92,EastHghlnds
1635090,Dam_Absent,18.01,3,26.33,EastHghlnds
1635500,Dam_Absent,15.16,19,30.37,EastHghlnds
1636500,Dam_Present,16.52,12,46.33,EastHghlnds
1637500,Dam_Absent,13.05,16,34.44,EastHghlnds
1638350,Dam_Present,14.4,12,31.75,SEPlains
1638420,Dam_Absent,14.75,12,32.83,SEPlains
1638480,Dam_Absent,15.42,19,30.32,SEPlains
1638500,Dam_Absent,15.8,15,33.73,EastHghlnds
1639000,Dam_Absent,14.67,17,26.06,SEPlains
1642190,Dam_Absent,13.75,10,25.7,SEPlains
1643000,Dam_Present,14.05,19,27.74,SEPlains
1643500,Dam_Present,14.68,18,24.28,SEPlains
1643805,Dam_Present,14.76,10,23.4,SEPlains
1643880,Dam_Present,16.93,10,30.0,SEPlains
1644280,Dam_Present,12.06,12,21.08,SEPlains
1644600,Dam_Present,13.0,4,25.75,SEPlains
1645000,Dam_Present,12.29,11,29.45,SEPlains
1645762,Dam_Present,17.68,6,28.5,SEPlains
1646000,Dam_Present,12.66,4,22.5,SEPlains
1646500,Dam_Absent,15.71,19,25.58,EastHghlnds
1648000,Dam_Absent,11.07,11,21.64,SEPlains
1649500,Dam_Present,11.06,9,21.56,SEPlains
1650800,Dam_Present,15.26,2,16.5,SEPlains
1651000,Dam_Absent,10.47,8,24.38,SEPlains
1653000,Dam_Present,14.38,6,19.83,SEPlains
1653600,Dam_Present,14.17,14,34.5,SEPlains
1654000,Dam_Present,15.02,4,20.0,SEPlains
1656000,Dam_Absent,14.52,17,27.12,SEPlains
1658000,Dam_Absent,22.65,2,29.0,SEPlains
1660400,Dam_Absent,12.71,14,35.29,SEPlains
1660920,Dam_Present,17.49,9,57.11,SEPlains
1661500,Dam_Present,15.41,11,25.27,SEPlains
1663500,Dam_Present,13.57,13,32.69,SEPlains
1664000,Dam_Present,14.24,15,41.07,SEPlains
1665000,Dam_Present,19.43,2,81.0,SEPlains
1665500,Dam_Present,14.47,16,26.25,EastHghlnds
1666500,Dam_Absent,14.31,13,34.23,SEPlains
1667500,Dam_Absent,14.54,14,26.86,SEPlains
1668000,Dam_Present,13.72,14,33.43,SEPlains
1668500,Dam_Present,19.47,2,40.5,SEPlains
1669000,Dam_Absent,13.2,12,37.67,SEPlains
1669520,Dam_Absent,16.01,17,42.18,SEPlains
1670400,Dam_Present,12.63,5,73.4,SEPlains
1671020,Dam_Present,16.85,11,31.09,SEPlains
1671025,Dam_Absent,17.07,8,34.0,SEPlains
1671100,Dam_Present,14.01,16,33.5,SEPlains
1672500,Dam_Present,13.57,11,30.82,SEPlains
1673000,Dam_Absent,14.67,14,29.57,SEPlains
1673550,Dam_Present,14.83,15,27.13,SEPlains
1673800,Dam_Present,14.67,16,37.31,SEPlains
1674000,Dam_Present,15.58,16,46.19,SEPlains
1674500,Dam_Absent,16.12,18,28.61,SEPlains
2011400,Dam_Present,13.99,15,30.27,EastHghlnds
2011470,Dam_Present,13.32,17,43.59,EastHghlnds
2011490,Dam_Present,14.9,11,33.82,EastHghlnds
2011500,Dam_Absent,13.66,17,36.71,EastHghlnds
2011800,Dam_Present,13.96,26,26.31,EastHghlnds
2013100,Dam_Present,11.6,13,26.15,EastHghlnds
2016000,Dam_Absent,13.86,15,26.73,EastHghlnds
2016500,Dam_Absent,12.96,16,26.44,EastHghlnds
2017500,Dam_Absent,13.36,15,39.6,EastHghlnds
2018000,Dam_Absent,16.01,18,29.0,EastHghlnds
2019500,Dam_Absent,15.83,17,27.35,EastHghlnds
2020500,Dam_Absent,14.49,13,39.15,EastHghlnds
2021500,Dam_Absent,13.61,11,34.91,EastHghlnds
2024000,Dam_Absent,13.45,15,41.87,EastHghlnds
2024752,Dam_Present,15.78,8,27.12,EastHghlnds
2025500,Dam_Present,13.59,10,30.4,EastHghlnds
2026000,Dam_Absent,14.62,11,28.91,EastHghlnds
2027800,Dam_Absent,24.22,1,87.0,SEPlains
2028500,Dam_Present,17.17,8,27.88,EastHghlnds
2029000,Dam_Present,16.37,13,30.54,EastHghlnds
2030000,Dam_Present,16.17,14,32.64,SEPlains
2030500,Dam_Absent,12.86,11,30.27,SEPlains
2031000,Dam_Present,15.54,12,23.83,SEPlains
2032250,Dam_Present,14.69,11,32.18,EastHghlnds
2032640,Dam_Present,15.59,17,30.88,SEPlains
2034000,Dam_Present,13.99,14,29.86,SEPlains
2035000,Dam_Absent,14.98,11,30.0,EastHghlnds
2036500,Dam_Present,16.91,15,38.93,SEPlains
2037500,Dam_Present,15.64,12,30.17,EastHghlnds
2039000,Dam_Absent,15.87,15,36.87,SEPlains
2039500,Dam_Present,15.99,16,28.38,SEPlains
2040000,Dam_Present,15.88,13,30.85,SEPlains
2041000,Dam_Present,15.77,12,31.58,SEPlains
2041650,Dam_Present,16.85,18,24.06,SEPlains
2042500,Dam_Absent,15.6,14,36.93,SEPlains
2044500,Dam_Absent,13.57,15,31.2,SEPlains
2045500,Dam_Present,14.76,18,35.06,SEPlains
2046000,Dam_Present,15.72,15,40.6,SEPlains
2047000,Dam_Absent,14.61,16,39.94,SEPlains
2047500,Dam_Absent,20.73,10,63.6,SEPlains
2049500,Dam_Absent,16.15,4,87.0,SEPlains
2051500,Dam_Absent,14.13,16,43.94,SEPlains
2052000,Dam_Present,14.25,15,36.73,SEPlains
2052500,Dam_Absent,21.21,2,56.5,SEPlains
2054500,Dam_Absent,11.65,9,32.33,EastHghlnds
2054530,Dam_Present,14.53,10,29.8,EastHghlnds
2055000,Dam_Absent,11.69,9,26.22,EastHghlnds
2056000,Dam_Present,12.5,13,21.85,EastHghlnds
2056650,Dam_Absent,15.87,15,28.13,EastHghlnds
2058400,Dam_Present,14.49,14,30.43,SEPlains
2060500,Dam_Absent,15.42,10,39.7,SEPlains
2061500,Dam_Absent,13.69,14,39.64,SEPlains
2062500,Dam_Absent,17.12,12,46.33,SEPlains
2066000,Dam_Present,18.59,12,24.75,SEPlains
2068500,Dam_Absent,13.48,9,30.78,EastHghlnds
2069000,Dam_Absent,13.24,6,27.0,SEPlains
2069700,Dam_Absent,14.52,14,23.93,SEPlains
2070000,Dam_Absent,13.92,11,40.18,SEPlains
2070500,Dam_Absent,13.68,14,23.71,SEPlains
2071530,Dam_Absent,14.82,14,25.64,EastHghlnds
2074500,Dam_Present,15.91,14,36.43,SEPlains
2075045,Dam_Present,16.21,12,32.25,SEPlains
2075500,Dam_Present,15.86,12,36.67,SEPlains
2076500,Dam_Present,20.9,3,22.0,SEPlains
2077000,Dam_Present,15.38,9,54.11,SEPlains
2091814,Dam_Absent,16.43,14,28.93,SEPlains
2093000,Dam_Absent,14.29,20,27.45,SECstPlain
209553650,Dam_Present,12.16,6,20.0,SEPlains
2097280,Dam_Present,11.46,1,17.0,SEPlains
2104220,Dam_Present,13.5,12,22.5,SEPlains
2105500,Dam_Present,13.39,18,23.5,SEPlains
2118500,Dam_Present,15.38,14,32.5,SEPlains
214657975,Dam_Present,12.33,9,24.22,SEPlains
2152474,Dam_Absent,16.99,5,41.4,SEPlains
2153200,Dam_Present,18.49,8,34.62,SEPlains
2157470,Dam_Present,19.18,5,38.2,SEPlains
2157490,Dam_Present,15.36,5,39.4,SEPlains
2160000,Dam_Absent,22.85,2,16.0,SEPlains
2163001,Dam_Present,20.57,7,32.57,SEPlains
2167450,Dam_Absent,14.75,13,31.23,SEPlains
2171700,Dam_Absent,17.15,7,58.43,SEPlains
2191300,Dam_Absent,15.22,10,43.6,SEPlains
2197300,Dam_Present,21.48,1,26.0,SEPlains
2201230,Dam_Present,16.26,13,33.92,SEPlains
2203655,Dam_Present,13.08,6,17.33,SEPlains
2206500,Dam_Present,20.54,1,15.0,SEPlains
2207120,Dam_Absent,10.83,5,19.8,SEPlains
2207185,Dam_Present,13.2,10,40.4,SEPlains
2207220,Dam_Present,16.06,10,23.2,SEPlains
2207335,Dam_Present,12.33,10,20.5,SEPlains
2207385,Dam_Present,12.87,14,24.0,SEPlains
2207400,Dam_Present,13.65,11,29.73,SEPlains
2207418,Dam_Present,15.22,11,32.91,SEPlains
2207435,Dam_Present,13.24,11,32.73,SEPlains
2207448,Dam_Present,15.75,3,31.33,SEPlains
2208050,Dam_Present,22.92,1,15.0,SEPlains
2208150,Dam_Absent,13.05,10,24.5,SEPlains
2215000,Dam_Present,16.01,7,44.86,SEPlains
2217297,Dam_Absent,14.73,9,27.0,SEPlains
2218565,Dam_Present,15.02,11,25.0,SEPlains
2224500,Dam_Absent,21.19,3,78.33,SEPlains
2224940,Dam_Present,24.12,1,20.0,SEPlains
2232500,Dam_Absent,19.07,5,34.4,SECstPlain
2246000,Dam_Absent,14.12,14,54.64,SECstPlain
2251000,Dam_Present,15.75,15,25.73,SECstPlain
2271500,Dam_Present,18.22,10,33.9,SECstPlain
2274005,Dam_Present,16.66,13,34.69,SECstPlain
2274010,Dam_Absent,14.26,11,30.18,SECstPlain
2274325,Dam_Present,15.83,10,35.1,SECstPlain
2292900,Dam_Present,19.8,6,23.5,SECstPlain
2294161,Dam_Absent,19.98,7,57.71,SECstPlain
2294217,Dam_Present,14.9,7,101.57,SECstPlain
2294290,Dam_Present,18.23,3,102.0,SECstPlain
2294330,Dam_Absent,14.87,4,22.25,SECstPlain
2294491,Dam_Present,21.66,1,28.0,SECstPlain
2296750,Dam_Absent,18.27,14,36.29,SECstPlain
2297105,Dam_Absent,22.09,4,21.75,SECstPlain
2298880,Dam_Absent,17.6,5,40.4,SECstPlain
2300042,Dam_Present,15.34,13,28.38,SECstPlain
2302500,Dam_Present,13.31,15,24.2,SECstPlain
2303000,Dam_Absent,15.2,18,27.44,SECstPlain
2303330,Dam_Absent,16.34,11,31.64,SECstPlain
2303420,Dam_Absent,17.05,7,79.0,SECstPlain
2303800,Dam_Absent,19.23,11,48.36,SECstPlain
2304500,Dam_Present,20.62,7,31.29,SECstPlain
2304510,Dam_Present,21.51,6,661.67,SECstPlain
2306774,Dam_Present,13.63,12,28.42,SECstPlain
2307000,Dam_Absent,14.23,18,27.78,SECstPlain
2322700,Dam_Absent,17.73,2,196.5,SEPlains
2322800,Dam_Absent,21.82,3,109.67,SECstPlain
2324500,Dam_Present,16.73,4,45.25,SECstPlain
2325000,Dam_Absent,16.32,13,163.46,SECstPlain
2328522,Dam_Present,17.08,9,43.89,SEPlains
2342500,Dam_Absent,13.99,13,32.31,SEPlains
2342850,Dam_Absent,15.29,7,34.86,SEPlains
2343225,Dam_Absent,15.7,8,37.25,SEPlains
2343801,Dam_Present,18.16,5,34.4,SEPlains
2343940,Dam_Absent,15.77,10,51.8,SEPlains
2365470,Dam_Present,18.63,7,53.29,SEPlains
2365769,Dam_Absent,16.06,10,27.9,SEPlains
2366996,Dam_Absent,14.11,9,30.67,SEPlains
2370700,Dam_Absent,17.24,2,24.0,SEPlains
2371500,Dam_Present,15.81,9,40.89,SEPlains
2372250,Dam_Absent,15.19,13,35.77,SEPlains
2373000,Dam_Absent,16.81,9,30.44,SEPlains
2374500,Dam_Present,14.08,10,40.3,SEPlains
2374745,Dam_Absent,14.1,10,26.4,SEPlains
2388900,Dam_Present,18.68,4,33.5,SEPlains
2388975,Dam_Present,17.16,9,38.78,SEPlains
2390000,Dam_Present,15.48,11,29.09,EastHghlnds
2391540,Dam_Present,13.84,7,31.71,EastHghlnds
2391840,Dam_Present,17.47,7,24.29,EastHghlnds
2392360,Dam_Present,17.41,8,23.75,EastHghlnds
2392780,Dam_Present,15.08,7,31.71,SEPlains
2392950,Dam_Present,12.17,8,21.62,SEPlains
2392975,Dam_Present,13.67,9,24.89,SEPlains
2393419,Dam_Present,13.77,10,30.4,SEPlains
2399200,Dam_Present,14.69,14,29.5,EastHghlnds
2400100,Dam_Absent,13.53,13,49.85,EastHghlnds
2400680,Dam_Absent,12.85,12,30.83,EastHghlnds
2401000,Dam_Present,13.6,15,30.73,EastHghlnds
2401390,Dam_Present,15.87,14,50.07,EastHghlnds
2404400,Dam_Absent,15.23,9,45.78,EastHghlnds
2405500,Dam_Absent,14.14,15,36.53,EastHghlnds
2407000,Dam_Present,16.05,3,25.33,EastHghlnds
2407514,Dam_Absent,14.76,9,35.33,EastHghlnds
2408540,Dam_Absent,16.65,10,36.4,SEPlains
2411930,Dam_Present,16.03,10,49.5,SEPlains
2412000,Dam_Absent,15.87,14,55.0,SEPlains
2413000,Dam_Present,18.22,13,28.69,SEPlains
2413210,Dam_Present,16.37,10,44.0,SEPlains
2413300,Dam_Absent,14.47,12,52.42,SEPlains
2414500,Dam_Present,16.63,5,28.0,SEPlains
2414715,Dam_Present,14.26,8,27.5,SEPlains
2415000,Dam_Absent,16.43,8,38.5,SEPlains
2418230,Dam_Present,13.65,12,29.5,SEPlains
2418760,Dam_Present,17.48,10,29.9,SEPlains
2419000,Dam_Present,17.61,14,24.07,SEPlains
2419890,Dam_Absent,14.87,11,64.55,SEPlains
2420000,Dam_Present,16.68,6,57.67,EastHghlnds
2421000,Dam_Absent,13.01,11,22.64,SEPlains
2422500,Dam_Absent,13.29,12,38.5,SEPlains
2423130,Dam_Absent,14.95,13,38.85,EastHghlnds
2423380,Dam_Present,11.57,14,30.71,EastHghlnds
2423414,Dam_Present,14.47,2,18.0,EastHghlnds
2423425,Dam_Present,14.85,10,22.7,EastHghlnds
2423496,Dam_Present,11.7,12,26.25,EastHghlnds
2423500,Dam_Present,15.17,11,21.45,EastHghlnds
242354750,Dam_Present,14.76,11,24.09,EastHghlnds
2423555,Dam_Present,14.72,11,26.55,EastHghlnds
2423630,Dam_Present,11.25,6,22.0,EastHghlnds
2424000,Dam_Absent,14.49,15,30.33,EastHghlnds
2425000,Dam_Present,14.06,12,34.75,SEPlains
2427250,Dam_Present,16.09,10,35.8,SEPlains
2437100,Dam_Present,24.71,1,16.0,SEPlains
2438000,Dam_Absent,13.57,13,34.08,SEPlains
2440500,Dam_Present,20.93,6,41.83,SEPlains
2441390,Dam_Present,20.92,1,16.0,SEPlains
2442500,Dam_Absent,21.07,2,55.5,SEPlains
2443500,Dam_Absent,16.63,11,32.73,SEPlains
2444160,Dam_Absent,20.3,4,17.75,SEPlains
2446500,Dam_Present,15.48,12,26.25,SEPlains
2447025,Dam_Absent,12.56,2,20.5,SEPlains
2448900,Dam_Present,15.54,15,40.07,SEPlains
2450000,Dam_Absent,19.74,4,22.75,EastHghlnds
2450180,Dam_Present,13.66,14,26.14,EastHghlnds
2450250,Dam_Absent,12.85,10,33.1,EastHghlnds
2450825,Dam_Absent,13.08,12,31.92,EastHghlnds
2453000,Dam_Absent,13.79,13,46.38,EastHghlnds
2454055,Dam_Absent,16.42,14,43.14,EastHghlnds
2455000,Dam_Present,11.27,14,36.64,EastHghlnds
2455185,Dam_Present,15.92,13,20.31,EastHghlnds
2455980,Dam_Absent,14.13,13,26.15,EastHghlnds
2456000,Dam_Present,15.04,3,26.67,EastHghlnds
2456500,Dam_Present,13.78,18,31.61,EastHghlnds
2457000,Dam_Present,13.92,12,21.67,EastHghlnds
2457595,Dam_Absent,14.11,16,22.44,EastHghlnds
2458300,Dam_Absent,11.55,6,20.67,EastHghlnds
2458450,Dam_Present,10.79,8,19.88,EastHghlnds
2458600,Dam_Absent,9.71,6,24.17,EastHghlnds
2461500,Dam_Present,14.29,5,19.0,EastHghlnds
2462000,Dam_Present,11.77,10,25.7,EastHghlnds
2464000,Dam_Absent,14.54,15,33.8,EastHghlnds
2465000,Dam_Present,14.7,6,44.0,EastHghlnds
2465292,Dam_Present,12.69,8,18.88,SEPlains
2465493,Dam_Present,12.16,15,36.2,SEPlains
2466030,Dam_Present,20.9,2,18.5,EastHghlnds
2467500,Dam_Present,14.63,16,33.5,SEPlains
2469761,Dam_Present,13.72,3,24.33,SEPlains
2469800,Dam_Absent,12.57,13,33.77,SEPlains
2470072,Dam_Present,13.41,13,26.54,SEPlains
2471001,Dam_Absent,11.13,14,28.21,SEPlains
2471078,Dam_Absent,12.54,15,29.73,SEPlains
2476500,Dam_Present,13.55,18,29.67,SEPlains
2479560,Dam_Present,15.68,16,25.56,SEPlains
2479945,Dam_Present,13.11,16,25.81,SEPlains
3015500,Dam_Absent,14.06,16,28.75,NorthEast
3017500,Dam_Absent,17.13,6,22.0,NorthEast
3021350,Dam_Absent,12.97,17,27.06,NorthEast
3022540,Dam_Present,11.4,7,29.86,NorthEast
3031500,Dam_Absent,14.45,9,32.67,NorthEast
3032500,Dam_Present,14.76,17,27.53,EastHghlnds
3034000,Dam_Absent,13.92,16,27.25,EastHghlnds
3034500,Dam_Absent,12.59,14,23.57,EastHghlnds
3036000,Dam_Present,17.43,9,27.11,EastHghlnds
3036500,Dam_Present,13.89,13,27.46,NorthEast
3038000,Dam_Absent,14.5,12,22.42,EastHghlnds
3039000,Dam_Present,21.09,6,25.0,EastHghlnds
3040000,Dam_Present,13.12,15,28.4,EastHghlnds
3041029,Dam_Present,13.52,13,22.23,EastHghlnds
3041500,Dam_Absent,14.13,15,26.73,EastHghlnds
3042000,Dam_Absent,14.56,17,31.29,EastHghlnds
3042280,Dam_Present,16.54,20,40.0,EastHghlnds
3042500,Dam_Absent,14.56,15,26.87,EastHghlnds
3044000,Dam_Present,15.32,6,25.17,EastHghlnds
3045000,Dam_Present,13.21,16,22.81,EastHghlnds
3047000,Dam_Present,15.77,9,26.33,EastHghlnds
3048500,Dam_Absent,15.63,14,26.21,EastHghlnds
3049000,Dam_Absent,13.05,15,23.0,EastHghlnds
3049500,Dam_Absent,15.93,18,27.56,NorthEast
3050000,Dam_Absent,14.19,10,41.5,EastHghlnds
3051000,Dam_Present,15.27,12,32.92,EastHghlnds
3052000,Dam_Absent,15.73,12,39.92,EastHghlnds
3052500,Dam_Present,13.8,11,32.64,EastHghlnds
3053500,Dam_Absent,15.74,12,40.58,EastHghlnds
3054500,Dam_Absent,16.11,11,43.91,EastHghlnds
3056000,Dam_Present,12.7,5,37.0,EastHghlnds
3056250,Dam_Absent,16.16,11,28.91,EastHghlnds
3057000,Dam_Present,17.21,4,81.0,EastHghlnds
3058000,Dam_Present,15.16,7,30.29,EastHghlnds
3058500,Dam_Present,19.67,2,22.5,EastHghlnds
3061000,Dam_Present,12.35,7,25.29,EastHghlnds
3061500,Dam_Present,14.22,13,35.77,EastHghlnds
3062500,Dam_Absent,15.26,12,23.67,EastHghlnds
3065000,Dam_Absent,13.67,15,25.8,EastHghlnds
3065400,Dam_Absent,14.33,7,28.43,EastHghlnds
3066000,Dam_Present,13.0,12,22.92,EastHghlnds
3067510,Dam_Absent,14.1,8,27.0,EastHghlnds
3068800,Dam_Absent,16.61,9,23.78,EastHghlnds
3069500,Dam_Absent,14.75,11,20.55,EastHghlnds
3069870,Dam_Absent,18.14,4,19.5,EastHghlnds
3070500,Dam_Absent,13.71,11,33.0,EastHghlnds
3072000,Dam_Absent,15.63,18,33.78,EastHghlnds
3078000,Dam_Absent,14.38,14,26.14,EastHghlnds
3085500,Dam_Absent,11.82,9,20.44,EastHghlnds
3085956,Dam_Present,16.83,1,25.0,EastHghlnds
3090500,Dam_Present,16.56,4,72.5,NorthEast
3091500,Dam_Present,14.52,12,45.17,NorthEast
3092460,Dam_Present,13.51,6,34.67,NorthEast
3093000,Dam_Absent,13.83,17,24.41,NorthEast
3094000,Dam_Absent,15.23,16,28.31,NorthEast
3095500,Dam_Present,18.61,7,51.57,NorthEast
3097550,Dam_Present,12.59,5,22.2,NorthEast
3098600,Dam_Present,12.58,5,25.6,NorthEast
3099500,Dam_Present,15.48,2,24.0,NorthEast
3101500,Dam_Present,15.5,14,44.14,NorthEast
3102500,Dam_Present,14.14,16,33.5,NorthEast
3102850,Dam_Present,14.69,19,28.16,NorthEast
3103500,Dam_Present,17.3,4,94.75,NorthEast
3105500,Dam_Absent,14.02,14,20.71,NorthEast
3106000,Dam_Absent,11.75,16,26.12,EastHghlnds
3106300,Dam_Present,15.74,13,68.85,EastHghlnds
3106500,Dam_Absent,13.37,17,26.18,EastHghlnds
3107500,Dam_Present,15.79,11,24.0,NorthEast
3108000,Dam_Present,12.62,17,24.29,EastHghlnds
3109500,Dam_Absent,13.13,17,27.65,NorthEast
3110000,Dam_Present,12.02,16,31.62,EastHghlnds
3111500,Dam_Absent,13.09,18,31.33,EastHghlnds
3114500,Dam_Absent,14.05,5,44.6,EastHghlnds
3115400,Dam_Absent,13.65,13,43.08,EastHghlnds
3116077,Dam_Absent,14.55,13,21.31,NorthEast
3117000,Dam_Present,16.12,16,26.75,NorthEast
3118500,Dam_Absent,13.0,9,20.44,NorthEast
3124500,Dam_Present,13.21,17,28.0,NorthEast
3126000,Dam_Present,20.81,3,33.67,EastHghlnds
3127000,Dam_Present,14.64,2,95.0,EastHghlnds
3128500,Dam_Present,22.4,4,59.25,EastHghlnds
3129000,Dam_Present,15.19,18,26.0,EastHghlnds
3139000,Dam_Absent,13.02,16,31.44,NorthEast
3140500,Dam_Present,14.62,15,39.33,NorthEast
3141500,Dam_Present,15.23,4,47.5,EastHghlnds
3141870,Dam_Absent,13.23,16,30.06,EastHghlnds
3142000,Dam_Present,14.38,18,33.0,EastHghlnds
3144500,Dam_Present,16.26,6,35.67,EastHghlnds
3145483,Dam_Absent,14.67,6,26.17,NorthEast
3146500,Dam_Absent,14.61,16,38.31,NorthEast
3149500,Dam_Absent,12.95,12,38.58,EastHghlnds
3150000,Dam_Absent,15.81,11,34.82,EastHghlnds
3155000,Dam_Absent,16.3,11,28.82,EastHghlnds
3157000,Dam_Present,15.57,16,33.0,CntlPlains
3157500,Dam_Absent,15.81,12,25.25,CntlPlains
3158200,Dam_Absent,12.34,6,30.33,EastHghlnds
3159246,Dam_Absent,17.54,2,16.5,EastHghlnds
3159500,Dam_Present,15.22,12,32.42,EastHghlnds
3159540,Dam_Absent,12.49,14,32.64,EastHghlnds
3161000,Dam_Absent,11.76,15,26.93,EastHghlnds
3164000,Dam_Absent,14.17,10,29.3,EastHghlnds
3165500,Dam_Present,13.17,10,21.4,EastHghlnds
3167000,Dam_Absent,14.57,16,29.81,EastHghlnds
3167500,Dam_Absent,24.17,1,17.0,EastHghlnds
3168000,Dam_Absent,17.21,11,23.91,EastHghlnds
3170000,Dam_Present,12.53,13,31.15,EastHghlnds
3171000,Dam_Absent,14.82,6,27.5,EastHghlnds
3173000,Dam_Absent,14.93,17,31.94,EastHghlnds
3175500,Dam_Absent,15.09,17,32.12,EastHghlnds
3176500,Dam_Absent,12.99,14,23.57,EastHghlnds
3179000,Dam_Absent,14.72,10,31.1,EastHghlnds
3180500,Dam_Present,13.22,10,39.9,EastHghlnds
3182500,Dam_Present,13.6,12,26.67,EastHghlnds
3183500,Dam_Absent,16.05,10,34.9,EastHghlnds
3184000,Dam_Absent,15.17,11,35.18,EastHghlnds
3184500,Dam_Present,18.98,2,43.0,EastHghlnds
3185400,Dam_Absent,15.58,15,27.8,EastHghlnds
3186500,Dam_Absent,15.54,7,39.57,EastHghlnds
3189100,Dam_Absent,13.07,8,37.38,EastHghlnds
3190000,Dam_Absent,15.87,6,35.0,EastHghlnds
3190400,Dam_Absent,16.92,6,21.0,EastHghlnds
3191500,Dam_Absent,12.85,11,22.45,EastHghlnds
3192000,Dam_Absent,14.86,8,26.12,EastHghlnds
3193000,Dam_Present,15.59,12,30.42,EastHghlnds
3197000,Dam_Absent,15.79,11,33.27,EastHghlnds
3198000,Dam_Absent,14.74,4,39.25,EastHghlnds
3198350,Dam_Absent,15.21,13,26.38,EastHghlnds
3198500,Dam_Absent,15.95,10,38.2,EastHghlnds
3199000,Dam_Absent,20.83,2,37.5,EastHghlnds
3200500,Dam_Absent,16.41,10,33.7,EastHghlnds
3201000,Dam_Absent,15.03,2,87.0,EastHghlnds
3201405,Dam_Present,13.05,10,23.9,EastHghlnds
3201902,Dam_Absent,17.64,3,38.0,EastHghlnds
3201980,Dam_Absent,16.98,10,28.1,EastHghlnds
3202000,Dam_Present,16.57,11,29.64,EastHghlnds
3202400,Dam_Absent,14.2,12,34.08,EastHghlnds
3203600,Dam_Absent,14.3,16,30.38,EastHghlnds
3204500,Dam_Absent,22.14,2,60.0,EastHghlnds
3205470,Dam_Absent,15.16,14,29.86,EastHghlnds
3207800,Dam_Absent,11.73,12,27.58,EastHghlnds
3208950,Dam_Absent,13.21,15,30.53,EastHghlnds
3209000,Dam_Present,14.73,14,29.21,EastHghlnds
3209200,Dam_Present,21.38,3,39.0,EastHghlnds
3209500,Dam_Present,20.82,2,19.0,EastHghlnds
3212500,Dam_Absent,17.34,4,43.5,EastHghlnds
3212750,Dam_Present,16.0,11,39.82,EastHghlnds
3212980,Dam_Absent,15.76,11,37.45,EastHghlnds
3214500,Dam_Present,14.77,11,41.27,EastHghlnds
3219500,Dam_Absent,14.63,17,37.35,CntlPlains
3220000,Dam_Absent,15.03,15,28.2,CntlPlains
3221000,Dam_Present,16.3,11,40.64,CntlPlains
3223000,Dam_Absent,17.33,3,36.0,CntlPlains
3223425,Dam_Present,12.37,14,29.71,NorthEast
3225500,Dam_Present,14.75,14,44.79,CntlPlains
3226800,Dam_Absent,12.05,10,30.4,CntlPlains
3227500,Dam_Present,13.66,14,23.43,CntlPlains
3228300,Dam_Present,13.84,13,50.15,NorthEast
3228500,Dam_Present,14.64,13,25.69,CntlPlains
3228750,Dam_Present,12.85,10,27.7,CntlPlains
3228805,Dam_Present,14.04,18,36.0,CntlPlains
3229000,Dam_Absent,17.57,4,21.75,CntlPlains
3229500,Dam_Absent,12.27,8,20.0,CntlPlains
3229610,Dam_Present,13.7,5,18.4,CntlPlains
3229796,Dam_Absent,15.55,6,23.83,CntlPlains
3230500,Dam_Absent,13.87,13,63.15,CntlPlains
3230800,Dam_Absent,15.02,13,50.23,CntlPlains
3230900,Dam_Present,21.09,3,33.33,CntlPlains
3231500,Dam_Absent,12.1,12,29.08,CntlPlains
3232000,Dam_Absent,14.05,11,43.91,CntlPlains
3232500,Dam_Present,15.57,15,43.07,CntlPlains
3234000,Dam_Absent,15.29,9,35.56,CntlPlains
3234300,Dam_Absent,15.24,12,39.75,CntlPlains
3237500,Dam_Absent,15.2,13,50.08,CntlPlains
3238500,Dam_Present,18.64,6,24.0,CntlPlains
3241500,Dam_Absent,15.18,18,36.89,CntlPlains
3244936,Dam_Present,15.14,7,33.43,CntlPlains
3247500,Dam_Present,13.02,13,31.54,CntlPlains
3259000,Dam_Present,9.72,5,20.4,CntlPlains
3261500,Dam_Present,14.69,13,42.23,CntlPlains
3261950,Dam_Absent,14.45,10,22.1,CntlPlains
3262000,Dam_Present,14.52,12,29.5,CntlPlains
3262700,Dam_Present,13.94,11,40.36,CntlPlains
3263000,Dam_Present,14.68,13,52.0,CntlPlains
3264000,Dam_Absent,13.85,11,37.82,CntlPlains
3265000,Dam_Absent,13.18,18,27.0,CntlPlains
3266000,Dam_Present,14.11,18,36.06,CntlPlains
3266560,Dam_Present,13.94,7,61.71,CntlPlains
3267000,Dam_Absent,10.02,7,90.86,CntlPlains
3267900,Dam_Absent,13.05,10,78.4,CntlPlains
3269500,Dam_Absent,16.24,14,43.57,CntlPlains
3270000,Dam_Present,14.73,15,45.13,CntlPlains
3271000,Dam_Absent,11.89,8,28.62,CntlPlains
3271300,Dam_Present,11.45,6,19.17,CntlPlains
3271500,Dam_Present,17.16,7,29.71,CntlPlains
3271601,Dam_Present,14.36,13,30.0,CntlPlains
3271800,Dam_Absent,15.83,1,181.0,CntlPlains
3272000,Dam_Present,14.48,10,60.7,CntlPlains
3272700,Dam_Present,15.36,15,31.33,CntlPlains
3274000,Dam_Present,11.87,13,43.69,CntlPlains
3280000,Dam_Absent,18.91,5,28.4,EastHghlnds
3288100,Dam_Present,12.61,11,35.18,SEPlains
3297900,Dam_Present,14.3,14,34.64,SEPlains
3312259,Dam_Present,15.8,9,36.11,SEPlains
3319000,Dam_Absent,19.48,2,27.0,SEPlains
3320000,Dam_Absent,17.53,12,36.92,SEPlains
3418000,Dam_Absent,20.79,3,32.33,SEPlains
3431599,Dam_Present,14.23,14,25.29,SEPlains
3456100,Dam_Present,14.86,22,28.05,EastHghlnds
3466500,Dam_Present,15.58,6,30.33,EastHghlnds
3467000,Dam_Absent,21.83,4,57.0,EastHghlnds
3467609,Dam_Absent,14.83,15,26.13,EastHghlnds
3470000,Dam_Present,15.06,3,21.67,EastHghlnds
3471500,Dam_Absent,13.67,15,42.73,EastHghlnds
3473000,Dam_Absent,12.32,12,25.92,EastHghlnds
3474000,Dam_Absent,15.11,16,27.06,EastHghlnds
3475000,Dam_Present,14.46,17,32.35,EastHghlnds
3478400,Dam_Present,12.42,14,25.93,EastHghlnds
3485500,Dam_Absent,15.8,2,20.0,EastHghlnds
3505550,Dam_Present,19.16,7,40.29,EastHghlnds
3508050,Dam_Present,15.87,6,22.83,EastHghlnds
3510577,Dam_Absent,19.89,9,23.0,EastHghlnds
3518500,Dam_Present,15.25,11,38.09,EastHghlnds
3524000,Dam_Absent,14.35,17,35.41,EastHghlnds
3527000,Dam_Absent,15.81,9,64.56,EastHghlnds
3527220,Dam_Absent,15.19,7,47.71,EastHghlnds
3535000,Dam_Absent,14.9,9,39.33,EastHghlnds
3539600,Dam_Present,14.03,11,34.18,EastHghlnds
3539778,Dam_Absent,15.18,13,34.54,EastHghlnds
3539800,Dam_Absent,13.98,11,27.36,EastHghlnds
3558000,Dam_Present,18.07,4,30.25,EastHghlnds
3559500,Dam_Absent,21.25,1,19.0,EastHghlnds
3565500,Dam_Absent,17.79,5,62.6,EastHghlnds
3566000,Dam_Absent,20.74,10,31.6,EastHghlnds
3566525,Dam_Present,18.35,6,31.67,EastHghlnds
3570835,Dam_Absent,19.73,3,31.0,EastHghlnds
3574500,Dam_Absent,13.13,11,40.73,EastHghlnds
3575100,Dam_Absent,13.08,11,35.82,SEPlains
3576250,Dam_Present,12.65,13,46.85,SEPlains
3578000,Dam_Absent,15.88,9,50.56,EastHghlnds
3582000,Dam_Absent,16.23,9,26.89,SEPlains
3584020,Dam_Absent,12.77,2,51.5,SEPlains
3584600,Dam_Absent,17.14,12,38.25,SEPlains
3586500,Dam_Absent,14.77,12,49.17,SEPlains
3592000,Dam_Absent,15.85,1,40.0,SEPlains
3592500,Dam_Absent,16.36,5,32.4,SEPlains
3596000,Dam_Present,15.25,6,27.0,SEPlains
3597860,Dam_Absent,14.85,5,26.4,SEPlains
3601990,Dam_Present,16.86,7,43.29,SEPlains
3602500,Dam_Present,15.86,12,29.83,SEPlains
3606500,Dam_Present,15.24,10,21.4,SEPlains
385106106571000,Dam_Present,22.51,2,57.5,WestMnts
393109104464500,Dam_Present,16.92,14,72.21,WestPlains
394220106431500,Dam_Absent,15.11,6,41.67,WestMnts
394308105413800,Dam_Present,20.6,4,75.75,WestMnts
394839104570300,Dam_Absent,17.42,5,38.2,WestPlains
4015330,Dam_Absent,12.13,15,29.87,MxWdShld
4024000,Dam_Present,18.61,12,53.5,MxWdShld
4024430,Dam_Absent,14.35,19,50.89,MxWdShld
4073468,Dam_Absent,17.9,10,34.8,CntlPlains
4073473,Dam_Present,18.48,4,60.5,CntlPlains
4080000,Dam_Present,14.41,3,75.67,CntlPlains
4081000,Dam_Absent,18.66,6,61.83,CntlPlains
4082400,Dam_Absent,17.27,10,25.0,CntlPlains
4084445,Dam_Present,14.23,10,49.7,CntlPlains
4188400,Dam_Present,16.2,7,33.14,CntlPlains
4189000,Dam_Absent,13.18,15,31.07,CntlPlains
4191500,Dam_Present,14.59,15,22.8,CntlPlains
4192500,Dam_Present,15.71,15,32.2,CntlPlains
4200500,Dam_Present,13.99,14,27.29,NorthEast
4201500,Dam_Absent,12.5,4,25.0,NorthEast
4202000,Dam_Absent,16.42,14,30.14,NorthEast
4206043,Dam_Present,13.28,2,15.0,NorthEast
4206212,Dam_Present,16.67,3,17.67,NorthEast
4206220,Dam_Present,11.94,6,20.67,NorthEast
4207200,Dam_Present,11.71,5,26.4,NorthEast
4213000,Dam_Present,14.16,17,33.82,NorthEast
4282000,Dam_Present,15.97,17,33.82,NorthEast
4282500,Dam_Absent,15.81,18,33.89,NorthEast
4282795,Dam_Absent,13.38,13,34.08,NorthEast
4285500,Dam_Present,14.88,15,36.13,NorthEast
4286000,Dam_Present,14.48,16,30.38,NorthEast
4287000,Dam_Absent,14.11,15,28.07,NorthEast
4288000,Dam_Absent,14.12,15,27.27,NorthEast
4288225,Dam_Present,11.74,9,23.0,NorthEast
4289000,Dam_Present,13.9,5,32.4,NorthEast
4290500,Dam_Present,14.31,15,27.27,NorthEast
4292000,Dam_Absent,14.35,16,25.94,NorthEast
4296500,Dam_Present,16.47,17,27.29,NorthEast
5017500,Dam_Absent,18.61,15,55.27,WestMnts
5046000,Dam_Present,18.48,7,99.14,CntlPlains
5050000,Dam_Present,16.52,15,48.13,CntlPlains
5051300,Dam_Absent,16.25,14,84.36,CntlPlains
5051500,Dam_Absent,17.32,13,84.23,CntlPlains
5051522,Dam_Absent,16.56,11,76.82,CntlPlains
5051600,Dam_Present,16.15,2,55.5,CntlPlains
5052500,Dam_Absent,23.82,2,194.5,CntlPlains
5053000,Dam_Absent,15.91,5,59.2,CntlPlains
5054000,Dam_Present,16.09,10,72.8,CntlPlains
5054500,Dam_Absent,16.46,7,43.71,WestPlains
5055300,Dam_Absent,20.94,7,74.57,CntlPlains
5055400,Dam_Absent,20.92,1,15.0,CntlPlains
5058000,Dam_Present,19.29,7,96.0,CntlPlains
5058700,Dam_Present,17.7,7,96.14,CntlPlains
5059000,Dam_Absent,18.61,7,127.86,CntlPlains
5059700,Dam_Absent,13.98,10,34.4,CntlPlains
5059715,Dam_Absent,24.56,1,35.0,CntlPlains
5060100,Dam_Present,15.06,7,39.71,CntlPlains
5060500,Dam_Absent,17.52,7,67.86,CntlPlains
5063398,Dam_Absent,14.15,6,27.83,CntlPlains
5064000,Dam_Absent,15.18,5,69.2,CntlPlains
5065500,Dam_Absent,24.25,1,68.0,CntlPlains
5066500,Dam_Absent,19.54,6,51.33,CntlPlains
5069000,Dam_Absent,18.24,10,44.1,CntlPlains
5074500,Dam_Present,13.14,1,339.0,MxWdShld
5075000,Dam_Absent,18.4,4,237.5,MxWdShld
5076000,Dam_Absent,16.2,6,74.0,CntlPlains
5078000,Dam_Absent,17.16,13,35.62,CntlPlains
5078230,Dam_Absent,17.54,9,61.0,CntlPlains
5078500,Dam_Present,17.9,2,36.0,CntlPlains
5079000,Dam_Absent,16.97,10,67.9,MxWdShld
5080000,Dam_Absent,17.71,6,64.67,CntlPlains
5082625,Dam_Present,15.2,7,52.86,CntlPlains
5084000,Dam_Present,10.88,2,162.0,CntlPlains
5085000,Dam_Present,18.91,1,35.0,CntlPlains
5085450,Dam_Present,17.35,5,35.0,CntlPlains
5087500,Dam_Present,14.8,9,75.44,CntlPlains
5090000,Dam_Present,13.85,8,54.0,CntlPlains
5094000,Dam_Present,16.81,5,66.0,CntlPlains
5099400,Dam_Absent,16.15,8,121.0,CntlPlains
5101000,Dam_Present,16.62,7,64.57,CntlPlains
5104500,Dam_Absent,17.16,2,71.5,MxWdShld
5116500,Dam_Absent,16.69,5,197.8,CntlPlains
5120500,Dam_Present,19.09,3,59.0,CntlPlains
5127500,Dam_Absent,16.8,4,239.75,MxWdShld
5129115,Dam_Absent,16.8,4,171.0,MxWdShld
5130500,Dam_Absent,15.8,5,69.6,MxWdShld
5131500,Dam_Absent,17.17,7,58.71,MxWdShld
5132000,Dam_Absent,18.93,8,101.62,MxWdShld
5200510,Dam_Present,17.52,7,93.0,MxWdShld
5211000,Dam_Present,16.49,8,130.62,MxWdShld
5212700,Dam_Absent,19.55,7,55.14,MxWdShld
5242300,Dam_Present,19.88,4,105.5,MxWdShld
5243725,Dam_Absent,16.85,11,77.55,MxWdShld
5244000,Dam_Absent,16.67,4,43.75,MxWdShld
5245100,Dam_Absent,16.29,6,113.33,CntlPlains
5247500,Dam_Present,15.23,7,53.43,CntlPlains
5267000,Dam_Present,19.8,2,128.0,MxWdShld
5270500,Dam_Absent,13.85,3,119.33,CntlPlains
5270700,Dam_Present,15.93,4,111.75,MxWdShld
5275000,Dam_Absent,18.46,7,56.57,CntlPlains
5280000,Dam_Absent,16.82,4,134.75,CntlPlains
5286000,Dam_Absent,7.21,1,101.0,CntlPlains
5287890,Dam_Present,13.7,7,79.43,CntlPlains
5288580,Dam_Absent,16.6,3,104.67,CntlPlains
5289800,Dam_Absent,16.47,7,60.57,CntlPlains
5290000,Dam_Present,15.43,7,68.14,CntlPlains
5291000,Dam_Absent,14.99,10,102.5,CntlPlains
5292000,Dam_Present,14.73,11,66.73,CntlPlains
5293000,Dam_Absent,16.83,6,69.67,CntlPlains
5294000,Dam_Present,19.18,8,38.12,CntlPlains
5304500,Dam_Absent,15.49,4,121.5,CntlPlains
5311000,Dam_Present,16.56,7,107.0,CntlPlains
5313500,Dam_Absent,16.62,6,79.33,CntlPlains
5315000,Dam_Absent,16.48,10,53.8,CntlPlains
5316500,Dam_Absent,14.12,8,57.25,CntlPlains
5316580,Dam_Absent,16.81,4,142.75,CntlPlains
5317000,Dam_Absent,14.19,6,123.33,CntlPlains
5319500,Dam_Absent,17.45,7,42.14,CntlPlains
5320000,Dam_Present,13.96,9,97.67,CntlPlains
5320270,Dam_Absent,19.45,8,85.88,CntlPlains
5320500,Dam_Absent,14.43,11,94.73,CntlPlains
5325000,Dam_Present,19.83,3,143.67,CntlPlains
5327000,Dam_Present,17.05,10,73.7,CntlPlains
5330000,Dam_Absent,18.22,9,137.56,CntlPlains
5330920,Dam_Present,19.18,3,178.33,CntlPlains
5331833,Dam_Absent,17.28,8,66.75,MxWdShld
5336700,Dam_Absent,13.87,7,76.57,MxWdShld
5337400,Dam_Present,17.29,4,37.75,MxWdShld
5338500,Dam_Present,16.51,6,47.33,CntlPlains
5342000,Dam_Absent,13.16,11,45.27,CntlPlains
5345000,Dam_Absent,13.0,5,137.2,CntlPlains
5353800,Dam_Present,13.52,15,44.13,CntlPlains
5355200,Dam_Absent,14.81,14,62.29,CntlPlains
5359500,Dam_Present,24.24,1,148.0,MxWdShld
5379400,Dam_Absent,17.61,6,55.67,CntlPlains
5383075,Dam_Absent,15.15,14,34.79,CntlPlains
5383950,Dam_Present,18.57,7,49.71,CntlPlains
5385000,Dam_Present,18.39,10,51.5,CntlPlains
5385500,Dam_Present,7.22,1,179.0,CntlPlains
5387440,Dam_Absent,16.63,2,136.0,CntlPlains
5387500,Dam_Absent,18.26,4,108.75,CntlPlains
5388250,Dam_Absent,13.41,8,69.38,CntlPlains
5389000,Dam_Absent,16.52,7,53.86,CntlPlains
5393500,Dam_Absent,14.46,15,44.87,MxWdShld
5407470,Dam_Absent,14.79,10,33.2,CntlPlains
5408000,Dam_Absent,14.97,23,28.35,CntlPlains
5411850,Dam_Absent,13.91,7,60.43,CntlPlains
5412400,Dam_Absent,15.3,8,45.88,CntlPlains
5412500,Dam_Absent,16.1,13,33.38,CntlPlains
5418400,Dam_Absent,16.72,8,39.88,CntlPlains
5420680,Dam_Absent,16.05,9,58.89,CntlPlains
5421000,Dam_Present,15.23,15,36.07,CntlPlains
5421740,Dam_Present,18.91,5,37.0,CntlPlains
5422000,Dam_Absent,17.26,9,55.22,CntlPlains
5422600,Dam_Present,13.57,12,22.0,CntlPlains
5424000,Dam_Present,22.89,2,25.0,CntlPlains
5432695,Dam_Present,18.26,3,29.67,CntlPlains
5449500,Dam_Absent,17.07,7,50.86,CntlPlains
5455100,Dam_Absent,13.2,9,42.89,CntlPlains
5455500,Dam_Absent,17.01,12,71.92,CntlPlains
5455700,Dam_Absent,19.61,11,50.36,CntlPlains
5457000,Dam_Present,15.66,16,60.62,CntlPlains
5457700,Dam_Present,17.03,12,60.0,CntlPlains
5458300,Dam_Absent,17.21,3,76.67,CntlPlains
5458500,Dam_Absent,15.69,9,57.67,CntlPlains
5458900,Dam_Absent,16.49,6,30.17,CntlPlains
5459500,Dam_Present,16.75,10,45.9,CntlPlains
5462000,Dam_Present,17.26,6,85.17,CntlPlains
5463000,Dam_Present,17.47,9,49.22,CntlPlains
5463500,Dam_Absent,16.66,6,28.5,CntlPlains
5476500,Dam_Absent,20.67,1,1355.0,CntlPlains
5476750,Dam_Present,15.86,9,90.22,CntlPlains
5479000,Dam_Absent,17.57,5,69.0,CntlPlains
5480500,Dam_Present,16.78,13,134.0,CntlPlains
5481000,Dam_Present,15.92,10,31.4,CntlPlains
5481300,Dam_Absent,15.28,5,134.6,CntlPlains
5482300,Dam_Absent,15.2,9,87.0,CntlPlains
5482500,Dam_Present,16.49,5,92.6,CntlPlains
5483450,Dam_Present,13.75,8,52.25,CntlPlains
5483600,Dam_Present,15.93,11,84.36,CntlPlains
5484000,Dam_Present,14.97,14,58.14,CntlPlains
5484500,Dam_Present,16.82,10,80.7,CntlPlains
5484650,Dam_Present,17.59,9,55.22,CntlPlains
5484800,Dam_Present,12.63,9,27.89,CntlPlains
5484900,Dam_Absent,16.68,6,42.83,CntlPlains
5485500,Dam_Present,15.59,5,45.2,CntlPlains
5485605,Dam_Present,13.56,13,24.0,CntlPlains
5485640,Dam_Absent,13.81,11,24.27,CntlPlains
5486000,Dam_Absent,15.47,14,72.21,CntlPlains
5486490,Dam_Present,15.89,15,61.47,CntlPlains
5487470,Dam_Present,14.34,15,40.6,CntlPlains
5487500,Dam_Absent,18.53,7,66.71,CntlPlains
5487980,Dam_Absent,15.38,15,51.8,CntlPlains
5488110,Dam_Present,18.3,9,61.44,CntlPlains
5488200,Dam_Present,16.73,18,32.33,CntlPlains
5488500,Dam_Absent,18.78,10,50.7,CntlPlains
5489000,Dam_Present,13.34,17,42.06,CntlPlains
5489500,Dam_Present,18.44,9,62.89,CntlPlains
5490500,Dam_Present,17.63,9,58.89,CntlPlains
5494300,Dam_Present,18.55,10,29.9,CntlPlains
5495000,Dam_Present,14.6,9,66.22,CntlPlains
5496000,Dam_Present,15.43,8,37.38,CntlPlains
5497000,Dam_Present,18.83,5,29.8,CntlPlains
5497150,Dam_Absent,17.66,6,38.0,CntlPlains
5498000,Dam_Present,15.66,3,29.67,CntlPlains
5498150,Dam_Absent,18.87,7,30.71,CntlPlains
5498700,Dam_Present,18.01,6,49.83,CntlPlains
5500000,Dam_Present,14.74,7,42.57,CntlPlains
5501000,Dam_Absent,15.58,17,41.35,SEPlains
5502300,Dam_Absent,13.42,13,32.15,CntlPlains
5503800,Dam_Absent,17.61,11,53.36,CntlPlains
5506100,Dam_Absent,18.37,12,44.17,CntlPlains
5506350,Dam_Absent,16.99,7,31.43,CntlPlains
5506500,Dam_Absent,20.54,3,25.33,CntlPlains
5506800,Dam_Absent,17.0,13,31.46,CntlPlains
5507600,Dam_Present,18.03,15,60.13,CntlPlains
5507800,Dam_Present,19.95,9,37.44,CntlPlains
5508000,Dam_Present,17.59,10,29.5,CntlPlains
5508805,Dam_Present,16.79,10,52.5,CntlPlains
5514500,Dam_Present,16.07,11,42.82,CntlPlains
6012500,Dam_Present,16.55,12,80.33,WestMnts
6016000,Dam_Absent,17.87,11,91.18,WestMnts
6017000,Dam_Absent,15.38,10,72.5,WestMnts
6018500,Dam_Absent,16.62,16,31.62,WestMnts
6020600,Dam_Present,16.5,19,61.42,WestMnts
6023100,Dam_Absent,17.81,4,45.5,WestMnts
6024450,Dam_Absent,15.35,9,116.33,WestMnts
6024540,Dam_Absent,18.61,10,53.4,WestMnts
6025250,Dam_Absent,12.82,2,55.0,WestMnts
6025500,Dam_Absent,16.87,9,64.0,WestMnts
6026210,Dam_Absent,17.54,9,79.33,WestMnts
6026420,Dam_Absent,16.25,1,46.0,WestMnts
6026500,Dam_Absent,16.23,7,83.86,WestMnts
6033000,Dam_Absent,15.91,8,68.0,WestMnts
6035000,Dam_Absent,18.63,7,123.0,WestMnts
6036650,Dam_Absent,16.26,8,73.38,WestMnts
6038500,Dam_Present,16.9,12,88.5,WestMnts
6038800,Dam_Absent,16.98,15,70.07,WestMnts
6040800,Dam_Present,15.54,11,36.18,WestMnts
6041000,Dam_Present,17.37,14,49.14,WestMnts
6050000,Dam_Absent,19.22,5,44.2,WestMnts
6052500,Dam_Absent,14.52,12,78.42,WestMnts
6054500,Dam_Present,17.58,9,83.78,WestMnts
6061500,Dam_Absent,18.56,7,61.86,WestMnts
6062500,Dam_Absent,15.34,14,34.36,WestMnts
6065500,Dam_Present,20.82,1,189.0,WestMnts
6066500,Dam_Present,19.66,1,188.0,WestMnts
6071300,Dam_Absent,15.7,3,104.67,WestMnts
6076690,Dam_Absent,19.71,3,39.33,WestPlains
6077200,Dam_Absent,16.85,8,66.88,WestPlains
6077500,Dam_Absent,16.6,7,71.14,WestPlains
6085800,Dam_Absent,17.44,10,26.4,WestMnts
6088300,Dam_Present,17.88,6,48.0,WestPlains
6088500,Dam_Absent,13.61,13,59.31,WestPlains
6089000,Dam_Present,15.89,13,71.62,WestPlains
6091700,Dam_Absent,15.33,11,55.09,WestMnts
6099000,Dam_Present,18.85,7,105.14,WestPlains
6099500,Dam_Present,17.22,6,136.0,WestPlains
6102050,Dam_Absent,24.12,1,69.0,WestPlains
6119600,Dam_Present,18.57,5,40.6,WestPlains
6120500,Dam_Present,18.34,14,107.93,WestPlains
6123030,Dam_Absent,18.49,9,97.44,WestPlains
6126050,Dam_Absent,19.08,5,201.6,WestPlains
6131000,Dam_Present,15.94,8,37.25,WestPlains
6177500,Dam_Present,20.41,6,42.17,WestPlains
6183800,Dam_Absent,14.18,1,28.0,WestPlains
6192500,Dam_Absent,15.94,3,146.0,WestMnts
6195600,Dam_Present,14.75,9,84.89,WestPlains
6200000,Dam_Present,15.84,11,78.82,WestMnts
6204050,Dam_Present,17.74,9,41.0,WestMnts
6204070,Dam_Present,17.98,8,41.0,WestMnts
6205000,Dam_Absent,15.52,12,89.67,WestMnts
6207500,Dam_Absent,16.23,12,60.25,WestMnts
6208500,Dam_Present,15.8,12,70.42,WestMnts
6209500,Dam_Absent,15.43,14,67.29,WestMnts
6211000,Dam_Absent,14.15,10,33.7,WestPlains
6220500,Dam_Absent,16.72,2,60.0,WestMnts
6235500,Dam_Absent,17.38,6,61.17,WestXeric
6236100,Dam_Absent,19.07,3,74.33,WestXeric
6244500,Dam_Absent,17.82,4,60.5,WestXeric
6253000,Dam_Absent,16.12,5,155.8,WestXeric
6259000,Dam_Present,7.41,1,97.0,WestXeric
6260400,Dam_Present,19.09,3,131.33,WestXeric
6265337,Dam_Absent,18.96,6,29.5,WestXeric
6274300,Dam_Absent,17.02,14,73.0,WestXeric
6276500,Dam_Absent,17.79,13,43.23,WestMnts
6278500,Dam_Absent,17.05,3,145.67,WestMnts
6279500,Dam_Present,17.08,7,93.29,WestXeric
6285100,Dam_Absent,17.49,11,39.91,WestMnts
6289820,Dam_Present,19.97,6,35.0,WestMnts
6294000,Dam_Absent,16.78,4,64.75,WestPlains
6295113,Dam_Absent,21.43,6,90.17,WestPlains
6296003,Dam_Absent,21.91,3,33.33,WestPlains
6298000,Dam_Absent,20.82,2,89.5,WestMnts
6299980,Dam_Absent,23.81,1,23.0,WestMnts
6302000,Dam_Absent,18.84,3,37.0,WestMnts
6303500,Dam_Absent,16.43,6,70.0,WestMnts
6305700,Dam_Present,16.05,9,25.33,WestMnts
6306200,Dam_Absent,20.03,3,76.0,WestPlains
6306250,Dam_Present,16.0,4,119.0,WestPlains
6306300,Dam_Absent,20.58,5,78.6,WestPlains
6307500,Dam_Present,21.82,4,56.75,WestPlains
6307600,Dam_Absent,21.03,2,150.5,WestPlains
6307616,Dam_Absent,21.3,5,49.0,WestPlains
6307740,Dam_Absent,22.48,4,66.25,WestPlains
6308500,Dam_Absent,17.68,5,123.8,WestPlains
6311400,Dam_Absent,16.19,11,105.18,WestMnts
6313500,Dam_Present,16.87,10,35.8,WestPlains
6313590,Dam_Present,18.22,5,60.8,WestPlains
6316400,Dam_Present,21.47,5,77.8,WestPlains
6317000,Dam_Absent,13.85,7,60.71,WestPlains
6318500,Dam_Absent,15.84,7,35.43,WestMnts
6320500,Dam_Present,14.96,8,35.5,WestMnts
6323000,Dam_Absent,18.24,5,34.8,WestMnts
6324000,Dam_Absent,22.24,3,17.33,WestPlains
6329597,Dam_Absent,18.06,3,113.67,WestPlains
6331000,Dam_Present,17.44,9,46.56,WestPlains
6332000,Dam_Absent,18.91,4,35.5,WestPlains
6332515,Dam_Present,16.73,8,26.38,WestPlains
6332523,Dam_Absent,19.75,6,182.5,WestPlains
6332770,Dam_Absent,22.52,6,103.83,WestPlains
6334500,Dam_Present,14.58,6,118.33,WestPlains
6335500,Dam_Absent,13.69,8,61.0,WestPlains
6336000,Dam_Absent,14.13,10,43.8,WestPlains
6336600,Dam_Absent,16.54,8,68.5,WestPlains
6337000,Dam_Present,14.68,14,45.71,WestPlains
6339100,Dam_Absent,16.62,9,75.89,WestPlains
6339500,Dam_Absent,14.36,11,94.55,WestPlains
6340000,Dam_Absent,16.1,13,60.08,WestPlains
6340500,Dam_Absent,12.38,8,90.75,WestPlains
6342260,Dam_Present,17.31,10,30.3,WestPlains
6343000,Dam_Absent,19.07,7,23.43,WestPlains
6344600,Dam_Absent,16.15,10,78.9,WestPlains
6345500,Dam_Absent,16.13,9,38.44,WestPlains
6345780,Dam_Absent,17.51,12,46.67,WestPlains
6347000,Dam_Absent,16.65,6,137.5,WestPlains
6347500,Dam_Absent,15.06,9,70.78,WestPlains
6348300,Dam_Absent,15.97,12,81.83,WestPlains
6348500,Dam_Present,16.61,7,131.57,WestPlains
6349000,Dam_Absent,17.47,15,59.93,WestPlains
6350000,Dam_Present,15.07,8,54.0,WestPlains
6351200,Dam_Present,16.45,8,52.75,WestPlains
6352000,Dam_Absent,16.92,9,51.22,WestPlains
6353000,Dam_Absent,18.1,5,76.6,WestPlains
6354000,Dam_Absent,15.54,12,66.17,WestPlains
6354580,Dam_Absent,16.84,8,57.12,WestPlains
6355500,Dam_Present,11.71,1,29.0,WestPlains
6356500,Dam_Absent,15.06,16,44.94,WestPlains
6357800,Dam_Absent,17.18,16,61.44,WestPlains
6359500,Dam_Absent,17.19,14,35.57,WestPlains
6360500,Dam_Absent,16.78,13,79.0,WestPlains
6386500,Dam_Absent,18.55,6,61.17,WestPlains
6392950,Dam_Absent,17.7,11,81.82,WestMnts
6394000,Dam_Absent,18.75,1,70.0,WestPlains
6395000,Dam_Absent,15.96,8,101.12,WestPlains
6401500,Dam_Present,8.92,1,265.0,WestPlains
6402000,Dam_Present,16.41,14,117.43,WestMnts
6402600,Dam_Present,15.79,6,43.33,WestPlains
6403300,Dam_Absent,16.25,11,110.36,WestMnts
6403700,Dam_Absent,17.05,11,34.36,WestPlains
6404000,Dam_Present,14.99,5,124.0,WestMnts
6406000,Dam_Absent,12.35,4,231.75,WestMnts
6408650,Dam_Absent,14.71,6,41.83,WestPlains
6422500,Dam_Absent,17.51,6,147.17,WestMnts
6423500,Dam_Absent,14.83,16,32.62,WestPlains
6425500,Dam_Absent,23.37,1,16.0,WestPlains
6426130,Dam_Present,19.75,1,24.0,WestPlains
6426160,Dam_Present,17.7,3,26.0,WestPlains
6426500,Dam_Absent,14.84,14,45.29,WestPlains
6427500,Dam_Present,23.16,2,38.5,WestPlains
6428200,Dam_Present,17.77,7,63.57,WestPlains
6428500,Dam_Present,16.6,13,45.54,WestPlains
6430500,Dam_Present,15.08,11,122.27,WestMnts
6430900,Dam_Absent,13.67,1,313.0,WestMnts
6431500,Dam_Absent,17.08,5,248.0,WestMnts
6433000,Dam_Absent,14.36,11,121.55,WestMnts
6436000,Dam_Absent,17.83,14,40.43,WestPlains
6436180,Dam_Absent,14.33,13,65.38,WestMnts
6436190,Dam_Absent,13.07,7,106.29,WestMnts
6436198,Dam_Absent,15.13,7,84.14,WestMnts
6436760,Dam_Absent,13.44,8,26.25,WestPlains
6437000,Dam_Present,15.48,14,48.5,WestPlains
6438000,Dam_Absent,14.12,12,64.83,WestPlains
6440200,Dam_Absent,21.75,1,35.0,WestPlains
6441500,Dam_Absent,24.6,2,142.0,WestPlains
6445685,Dam_Present,17.95,9,106.89,WestPlains
6446000,Dam_Absent,14.46,9,124.89,WestPlains
6446500,Dam_Absent,11.18,8,31.25,WestPlains
6446700,Dam_Absent,14.26,14,63.21,WestPlains
6447000,Dam_Absent,11.84,12,67.25,WestPlains
6447230,Dam_Absent,18.92,6,75.5,WestPlains
6447450,Dam_Absent,15.04,10,41.1,WestPlains
6447500,Dam_Absent,19.57,6,42.33,WestPlains
6448000,Dam_Present,14.2,4,41.75,WestPlains
6449000,Dam_Present,15.43,8,44.62,WestPlains
6449100,Dam_Absent,16.53,5,35.8,WestPlains
6449400,Dam_Present,19.32,3,23.67,WestPlains
6449500,Dam_Absent,16.77,6,30.17,WestPlains
6450500,Dam_Present,16.02,6,35.17,WestPlains
6452000,Dam_Present,15.36,10,77.4,WestPlains
6452320,Dam_Absent,19.87,9,148.33,WestPlains
6453255,Dam_Absent,18.68,2,233.0,WestPlains
6453600,Dam_Absent,15.95,5,196.4,WestPlains
6461500,Dam_Absent,14.26,9,51.89,WestPlains
6463500,Dam_Absent,15.05,11,26.0,WestPlains
6464100,Dam_Absent,17.42,11,98.91,WestPlains
6464500,Dam_Present,17.12,8,110.12,WestPlains
6465500,Dam_Absent,16.83,13,41.15,WestPlains
6465700,Dam_Present,14.98,7,76.0,WestPlains
6466500,Dam_Absent,15.88,8,122.88,CntlPlains
6468170,Dam_Absent,17.74,5,58.6,CntlPlains
6468250,Dam_Absent,20.04,6,95.17,CntlPlains
6469400,Dam_Absent,15.41,6,100.83,WestPlains
6470800,Dam_Absent,17.74,5,57.6,CntlPlains
6471200,Dam_Absent,20.56,2,46.0,CntlPlains
6475000,Dam_Absent,7.81,1,150.0,CntlPlains
6476000,Dam_Present,12.13,2,262.0,CntlPlains
6477000,Dam_Absent,11.21,1,232.0,CntlPlains
6477500,Dam_Absent,17.11,4,41.5,CntlPlains
6478600,Dam_Absent,17.35,9,79.56,CntlPlains
6478690,Dam_Absent,17.18,11,88.91,CntlPlains
6479010,Dam_Present,9.88,3,285.33,CntlPlains
6479500,Dam_Absent,14.61,2,233.0,CntlPlains
6479525,Dam_Absent,15.65,9,101.89,CntlPlains
6479770,Dam_Absent,15.35,2,158.0,CntlPlains
6480000,Dam_Absent,16.19,3,155.67,CntlPlains
6481000,Dam_Absent,17.4,7,94.43,CntlPlains
6481480,Dam_Absent,16.09,2,110.0,CntlPlains
6481500,Dam_Absent,15.7,11,42.0,CntlPlains
6482000,Dam_Absent,17.17,7,79.29,CntlPlains
6482020,Dam_Present,16.01,9,40.44,CntlPlains
6482610,Dam_Absent,17.35,8,122.25,CntlPlains
6483500,Dam_Absent,14.46,7,134.57,CntlPlains
6485500,Dam_Absent,14.91,7,137.71,CntlPlains
6600000,Dam_Present,15.69,6,39.0,CntlPlains
6600500,Dam_Present,18.23,5,108.8,CntlPlains
6601000,Dam_Present,16.03,9,66.56,CntlPlains
6605000,Dam_Absent,16.14,10,74.8,CntlPlains
6605850,Dam_Present,15.85,11,77.64,CntlPlains
6606600,Dam_Present,17.11,10,90.8,CntlPlains
6607200,Dam_Present,15.19,4,135.25,CntlPlains
6607500,Dam_Present,15.16,8,134.62,CntlPlains
6608500,Dam_Present,14.86,17,64.88,CntlPlains
6609500,Dam_Absent,17.71,12,124.0,CntlPlains
6610732,Dam_Present,17.26,6,100.17,CntlPlains
6610750,Dam_Present,15.71,5,26.8,CntlPlains
6610795,Dam_Present,13.31,5,22.6,CntlPlains
6620000,Dam_Absent,18.32,8,32.0,WestMnts
6622700,Dam_Absent,15.63,13,28.77,WestMnts
6622900,Dam_Absent,14.31,8,128.5,WestMnts
6625000,Dam_Absent,15.9,11,44.36,WestMnts
6627800,Dam_Present,19.49,4,137.5,WestXeric
6630000,Dam_Absent,20.04,5,66.4,WestMnts
6635000,Dam_Present,15.68,14,45.57,WestXeric
6642000,Dam_Present,20.61,2,31.5,WestXeric
6656000,Dam_Present,19.35,4,28.25,WestXeric
6657000,Dam_Absent,14.66,16,47.44,WestXeric
6659500,Dam_Absent,20.27,3,25.33,WestMnts
6659502,Dam_Absent,14.95,6,61.33,WestMnts
6660000,Dam_Absent,17.38,4,32.5,WestXeric
6661000,Dam_Absent,19.87,6,43.67,WestMnts
6661585,Dam_Absent,21.32,4,39.25,WestXeric
6662000,Dam_Present,22.48,1,341.0,WestXeric
6664400,Dam_Absent,15.24,4,99.0,WestMnts
6665790,Dam_Absent,18.25,7,68.71,WestMnts
6670500,Dam_Absent,18.17,13,61.15,WestMnts
6700000,Dam_Absent,15.56,11,57.27,WestMnts
6701620,Dam_Present,15.86,6,106.67,WestMnts
6701900,Dam_Absent,16.33,6,42.17,WestMnts
6708800,Dam_Absent,16.2,12,38.17,WestPlains
6709000,Dam_Absent,14.71,16,54.06,WestPlains
6710247,Dam_Present,16.03,9,32.67,WestMnts
6710605,Dam_Present,15.23,7,31.71,WestMnts
6717400,Dam_Absent,20.74,4,32.0,WestMnts
6720990,Dam_Present,14.15,11,26.09,WestPlains
6721000,Dam_Absent,14.27,8,29.62,WestMnts
6746110,Dam_Present,17.25,24,41.25,WestMnts
6751150,Dam_Present,18.05,4,63.25,WestMnts
6751490,Dam_Absent,17.96,10,40.6,WestMnts
6755960,Dam_Present,16.57,10,28.3,WestMnts
6759500,Dam_Present,16.82,9,24.67,WestPlains
6769000,Dam_Absent,17.2,10,25.7,WestPlains
6769525,Dam_Absent,15.73,10,36.9,WestPlains
6772100,Dam_Absent,20.42,7,201.0,WestPlains
6773500,Dam_Absent,20.25,4,127.5,WestPlains
6784000,Dam_Absent,16.66,16,32.25,WestPlains
6785000,Dam_Absent,16.07,14,34.21,WestPlains
6786000,Dam_Absent,13.79,16,28.5,WestPlains
6790500,Dam_Present,17.34,14,43.29,WestPlains
6793000,Dam_Absent,14.71,15,30.47,WestPlains
6794000,Dam_Present,16.17,15,65.2,WestPlains
6794650,Dam_Absent,15.94,7,200.43,WestPlains
6795500,Dam_Absent,13.58,15,88.47,CntlPlains
6797500,Dam_Absent,17.75,6,65.33,WestPlains
6799000,Dam_Absent,16.45,9,105.0,WestPlains
6799100,Dam_Absent,14.52,11,93.0,CntlPlains
6799315,Dam_Present,16.3,9,90.11,WestPlains
6799350,Dam_Absent,14.05,10,95.0,CntlPlains
6799445,Dam_Absent,14.02,6,129.67,CntlPlains
6799460,Dam_Absent,17.24,1,28.0,CntlPlains
6799500,Dam_Absent,16.0,7,124.57,CntlPlains
6800000,Dam_Absent,13.56,13,78.62,CntlPlains
6800500,Dam_Absent,18.3,8,110.75,CntlPlains
6803000,Dam_Present,14.39,15,72.73,CntlPlains
6803080,Dam_Absent,14.3,17,32.0,CntlPlains
6803093,Dam_Present,16.85,8,80.25,CntlPlains
6803170,Dam_Absent,12.91,8,98.25,CntlPlains
6803486,Dam_Absent,15.58,10,52.1,CntlPlains
6803495,Dam_Present,11.94,7,35.43,CntlPlains
6803500,Dam_Present,12.24,12,30.92,CntlPlains
6803510,Dam_Absent,13.98,13,35.77,CntlPlains
6803513,Dam_Present,13.1,14,27.43,CntlPlains
6803520,Dam_Present,15.0,20,39.8,CntlPlains
6803530,Dam_Absent,14.81,13,46.08,CntlPlains
6803555,Dam_Absent,13.93,17,26.59,CntlPlains
6804000,Dam_Absent,15.78,10,85.4,CntlPlains
6804700,Dam_Absent,14.57,12,44.17,CntlPlains
6804900,Dam_Present,15.94,5,48.2,CntlPlains
6806500,Dam_Absent,12.47,11,67.09,CntlPlains
6807410,Dam_Absent,17.97,4,36.5,CntlPlains
6808500,Dam_Absent,15.59,7,91.86,CntlPlains
6809210,Dam_Absent,14.29,10,60.6,CntlPlains
6809500,Dam_Absent,11.51,7,86.86,CntlPlains
6810000,Dam_Present,14.58,8,71.75,CntlPlains
6811500,Dam_Present,14.26,15,59.4,CntlPlains
6813000,Dam_Absent,14.69,9,58.0,CntlPlains
6814000,Dam_Present,14.05,16,46.81,CntlPlains
6814500,Dam_Present,16.98,5,169.6,CntlPlains
6815000,Dam_Present,14.73,16,50.12,CntlPlains
6819185,Dam_Present,13.99,17,39.29,CntlPlains
6820410,Dam_Absent,14.17,6,60.0,CntlPlains
6820500,Dam_Present,15.13,14,34.36,CntlPlains
6821080,Dam_Present,18.71,10,74.7,CntlPlains
6821150,Dam_Present,16.81,13,35.31,CntlPlains
6821190,Dam_Present,14.12,10,86.7,CntlPlains
6821500,Dam_Absent,22.16,11,45.36,WestPlains
6824500,Dam_Absent,18.88,5,98.2,WestPlains
6827000,Dam_Absent,20.17,6,124.17,WestPlains
6828500,Dam_Absent,24.74,1,42.0,WestPlains
6834000,Dam_Absent,17.86,5,96.4,WestPlains
6835500,Dam_Present,18.17,8,138.62,WestPlains
6836500,Dam_Absent,13.42,9,95.22,WestPlains
6837000,Dam_Absent,15.32,7,116.0,WestPlains
6838000,Dam_Absent,15.23,13,48.77,WestPlains
6843500,Dam_Absent,17.04,4,73.0,WestPlains
6844500,Dam_Absent,18.13,5,242.2,WestPlains
6845110,Dam_Present,14.11,6,94.83,WestPlains
6847000,Dam_Absent,14.7,4,62.5,WestPlains
6847500,Dam_Present,22.23,1,358.0,WestPlains
6847900,Dam_Present,18.8,7,190.29,WestPlains
6848000,Dam_Present,19.48,2,36.5,WestPlains
6848500,Dam_Absent,22.5,5,25.8,WestPlains
6853800,Dam_Absent,14.29,11,79.18,WestPlains
6854000,Dam_Present,22.37,2,22.5,WestPlains
6860000,Dam_Absent,22.29,4,95.75,WestPlains
6861000,Dam_Absent,15.12,14,35.36,WestPlains
6862700,Dam_Present,17.92,2,305.0,WestPlains
6863500,Dam_Absent,16.66,14,45.07,WestPlains
6864000,Dam_Present,16.82,4,131.0,WestPlains
6864050,Dam_Absent,13.27,7,86.71,WestPlains
6864500,Dam_Present,14.11,13,86.38,WestPlains
6865500,Dam_Present,20.92,1,45.0,WestPlains
6866500,Dam_Present,15.2,8,161.88,WestPlains
6866900,Dam_Absent,17.01,5,374.0,WestPlains
6867000,Dam_Present,14.99,1,43.0,WestPlains
6868200,Dam_Present,15.61,14,69.57,WestPlains
6869500,Dam_Absent,15.64,10,103.6,WestPlains
6869950,Dam_Absent,16.13,12,50.08,WestPlains
6870200,Dam_Present,13.07,6,112.83,WestPlains
6870300,Dam_Absent,14.66,6,45.5,WestPlains
6871000,Dam_Present,20.98,3,238.0,WestPlains
6871500,Dam_Absent,15.33,5,103.8,WestPlains
6871800,Dam_Present,22.06,1,16.0,WestPlains
6872500,Dam_Absent,14.25,12,95.08,WestPlains
6873000,Dam_Absent,20.3,3,241.67,WestPlains
6873200,Dam_Present,24.31,1,49.0,WestPlains
6873460,Dam_Present,17.55,7,230.14,WestPlains
6874000,Dam_Present,13.29,12,137.17,WestPlains
6875900,Dam_Present,16.62,18,55.56,WestPlains
6876700,Dam_Present,14.06,13,61.46,WestPlains
6878000,Dam_Absent,14.93,15,48.6,WestPlains
6880800,Dam_Absent,16.65,13,104.77,WestPlains
6881000,Dam_Present,14.44,14,83.71,WestPlains
6881380,Dam_Absent,15.97,10,91.2,WestPlains
6882000,Dam_Present,13.62,11,75.27,WestPlains
6882510,Dam_Present,13.54,13,76.62,WestPlains
6883000,Dam_Present,14.69,18,56.22,WestPlains
6884000,Dam_Present,15.97,17,51.82,WestPlains
6884025,Dam_Present,15.64,21,53.38,WestPlains
6884200,Dam_Present,14.71,16,48.69,WestPlains
6884400,Dam_Absent,14.49,15,59.07,WestPlains
6887000,Dam_Present,15.45,16,32.81,WestPlains
6889140,Dam_Absent,17.53,2,120.0,CntlPlains
6889160,Dam_Present,16.93,3,137.0,CntlPlains
6889200,Dam_Present,13.53,11,49.27,CntlPlains
6889500,Dam_Absent,13.65,15,75.0,CntlPlains
6890100,Dam_Present,14.88,13,50.92,CntlPlains
6890900,Dam_Present,15.33,9,48.56,CntlPlains
6891260,Dam_Present,18.25,5,47.4,CntlPlains
6891500,Dam_Absent,13.86,19,29.05,CntlPlains
6891810,Dam_Present,17.01,5,37.6,CntlPlains
6892000,Dam_Present,15.28,13,44.08,CntlPlains
6892360,Dam_Present,18.59,10,35.9,CntlPlains
6892495,Dam_Present,13.02,9,27.89,CntlPlains
6892513,Dam_Present,13.12,8,23.5,CntlPlains
6893578,Dam_Present,14.29,8,20.62,CntlPlains
6893620,Dam_Absent,14.78,6,25.33,CntlPlains
6893890,Dam_Present,20.15,5,80.2,CntlPlains
6893910,Dam_Present,20.58,1,25.0,CntlPlains
6894000,Dam_Absent,10.74,10,31.3,CntlPlains
6894200,Dam_Absent,17.47,8,32.38,CntlPlains
6895000,Dam_Absent,16.87,4,38.0,CntlPlains
6896000,Dam_Present,17.95,6,44.5,CntlPlains
6897000,Dam_Present,15.27,12,56.08,CntlPlains
6897500,Dam_Absent,15.18,11,86.45,CntlPlains
6898000,Dam_Present,14.81,12,52.42,CntlPlains
6899500,Dam_Present,14.53,11,97.55,CntlPlains
6899700,Dam_Present,16.44,7,44.14,CntlPlains
6900050,Dam_Present,14.61,10,63.4,CntlPlains
6901500,Dam_Absent,16.71,7,59.57,CntlPlains
6902000,Dam_Present,13.9,10,60.1,CntlPlains
6903400,Dam_Present,15.82,15,56.33,CntlPlains
6903700,Dam_Present,14.01,18,33.28,CntlPlains
6903900,Dam_Present,13.54,6,158.33,CntlPlains
6904010,Dam_Absent,13.78,9,37.78,CntlPlains
6904050,Dam_Present,17.07,6,55.67,CntlPlains
6904500,Dam_Absent,12.56,7,41.57,CntlPlains
6905500,Dam_Absent,17.79,10,35.7,CntlPlains
6906000,Dam_Present,15.68,5,46.6,CntlPlains
6906150,Dam_Present,18.85,12,55.67,CntlPlains
6906200,Dam_Present,19.07,6,87.0,CntlPlains
6906300,Dam_Present,18.93,8,41.5,CntlPlains
6906800,Dam_Absent,14.62,7,55.57,EastHghlnds
6907700,Dam_Absent,15.32,5,36.2,CntlPlains
6908000,Dam_Present,14.34,13,39.08,CntlPlains
6909500,Dam_Present,16.76,10,54.2,SEPlains
6910230,Dam_Present,12.64,6,31.5,CntlPlains
6910750,Dam_Present,14.09,10,48.0,EastHghlnds
6910800,Dam_Present,16.92,13,84.15,CntlPlains
6911000,Dam_Present,16.14,9,41.0,CntlPlains
6911490,Dam_Absent,20.65,7,38.57,CntlPlains
6911500,Dam_Absent,19.91,2,89.0,CntlPlains
6911900,Dam_Absent,18.83,11,83.18,CntlPlains
6912500,Dam_Present,16.62,15,42.2,CntlPlains
6913000,Dam_Present,16.79,15,41.73,CntlPlains
6913500,Dam_Present,15.38,16,35.12,CntlPlains
6914000,Dam_Absent,20.54,2,127.5,CntlPlains
6914100,Dam_Present,17.07,5,85.2,CntlPlains
6914950,Dam_Present,14.55,13,30.92,CntlPlains
6914990,Dam_Present,14.62,11,31.09,CntlPlains
6915000,Dam_Present,13.83,12,43.67,CntlPlains
6915800,Dam_Absent,14.77,16,38.38,CntlPlains
6916600,Dam_Present,15.87,15,43.33,CntlPlains
6917000,Dam_Present,13.59,15,64.33,CntlPlains
6917060,Dam_Present,14.03,11,71.55,CntlPlains
6917240,Dam_Present,20.48,6,81.17,CntlPlains
6917380,Dam_Present,15.06,5,87.8,CntlPlains
6917500,Dam_Present,15.84,7,23.14,CntlPlains
6917560,Dam_Present,16.48,8,28.5,CntlPlains
6918060,Dam_Present,14.08,8,48.38,CntlPlains
6918070,Dam_Absent,15.83,10,36.1,CntlPlains
6918440,Dam_Absent,18.36,6,45.5,EastHghlnds
6918460,Dam_Absent,17.56,8,44.0,EastHghlnds
6918493,Dam_Present,13.69,11,43.0,EastHghlnds
6918740,Dam_Present,17.28,13,34.15,EastHghlnds
6919020,Dam_Present,14.41,7,30.86,EastHghlnds
6919500,Dam_Absent,14.27,10,62.0,CntlPlains
6919900,Dam_Present,14.59,6,28.83,EastHghlnds
6921070,Dam_Absent,14.27,12,42.0,EastHghlnds
6921200,Dam_Present,15.37,15,36.73,EastHghlnds
6921350,Dam_Present,14.53,13,44.31,EastHghlnds
6921590,Dam_Absent,15.95,6,34.17,CntlPlains
6921720,Dam_Absent,18.69,8,50.88,CntlPlains
6923250,Dam_Present,17.38,14,41.36,EastHghlnds
6923940,Dam_Absent,13.87,4,93.5,EastHghlnds
6923950,Dam_Present,15.14,12,43.25,EastHghlnds
6926000,Dam_Present,18.42,6,81.17,CntlPlains
6927000,Dam_Present,17.02,7,36.57,EastHghlnds
6927240,Dam_Present,17.57,5,35.2,SEPlains
6928000,Dam_Present,16.29,10,32.2,EastHghlnds
6928300,Dam_Absent,13.81,9,43.67,EastHghlnds
6930000,Dam_Absent,14.98,9,49.78,EastHghlnds
6930060,Dam_Absent,15.27,7,70.57,EastHghlnds
6932000,Dam_Absent,12.58,10,55.1,EastHghlnds
6933500,Dam_Absent,15.12,8,55.62,EastHghlnds
6934000,Dam_Absent,15.59,11,55.18,EastHghlnds
6935755,Dam_Present,15.65,11,30.82,SEPlains
6935770,Dam_Present,11.96,11,22.09,SEPlains
6935830,Dam_Present,11.94,14,22.93,SEPlains
6935850,Dam_Present,12.71,6,18.67,SEPlains
6935890,Dam_Present,13.89,5,18.0,SEPlains
7010022,Dam_Present,19.3,4,18.25,SEPlains
7010075,Dam_Present,20.37,2,19.0,SEPlains
7010086,Dam_Present,15.36,5,17.2,SEPlains
7010097,Dam_Absent,9.02,3,20.33,SEPlains
7010350,Dam_Present,18.95,4,59.5,EastHghlnds
7013000,Dam_Present,14.57,12,34.42,EastHghlnds
7014000,Dam_Present,15.53,5,66.2,EastHghlnds
7015720,Dam_Present,15.56,12,36.92,EastHghlnds
7016500,Dam_Present,14.45,15,33.33,EastHghlnds
7017200,Dam_Absent,12.87,6,51.33,EastHghlnds
7018100,Dam_Present,13.7,8,59.75,EastHghlnds
7018500,Dam_Absent,14.38,8,31.5,EastHghlnds
7019000,Dam_Present,13.92,13,38.92,EastHghlnds
7019090,Dam_Present,13.04,10,39.7,EastHghlnds
7019195,Dam_Present,13.97,4,19.0,EastHghlnds
7020550,Dam_Present,15.67,8,40.25,EastHghlnds
7021000,Dam_Present,16.79,9,35.11,EastHghlnds
7024000,Dam_Present,14.19,15,24.6,SEPlains
7024500,Dam_Absent,15.11,10,41.7,SEPlains
7025400,Dam_Absent,14.91,10,31.7,SEPlains
7027720,Dam_Absent,13.45,10,30.0,SEPlains
7028500,Dam_Present,19.23,2,30.0,SEPlains
7028960,Dam_Present,11.72,9,38.11,SEPlains
7029270,Dam_Absent,14.06,6,24.5,SEPlains
7029500,Dam_Absent,15.92,16,37.75,SEPlains
7030050,Dam_Absent,16.69,11,38.55,SEPlains
7030392,Dam_Present,13.61,14,38.14,SEPlains
7030500,Dam_Present,15.59,11,38.82,SEPlains
7035000,Dam_Present,13.95,10,32.7,EastHghlnds
7035800,Dam_Absent,16.38,11,25.18,EastHghlnds
7036100,Dam_Present,17.33,7,41.0,EastHghlnds
7037300,Dam_Absent,15.86,5,34.0,EastHghlnds
7037500,Dam_Present,15.17,9,31.22,EastHghlnds
7039500,Dam_Present,16.0,13,29.0,EastHghlnds
7040000,Dam_Absent,19.06,5,39.0,EastHghlnds
7048550,Dam_Absent,14.65,14,21.71,EastHghlnds
7049000,Dam_Absent,15.25,10,29.7,EastHghlnds
7050500,Dam_Absent,16.22,11,33.91,EastHghlnds
7050690,Dam_Absent,12.49,9,38.67,EastHghlnds
7050700,Dam_Present,16.53,10,37.5,EastHghlnds
7052250,Dam_Absent,15.76,12,28.0,EastHghlnds
7052345,Dam_Absent,14.64,5,47.6,EastHghlnds
7052500,Dam_Absent,14.79,6,33.83,EastHghlnds
7052820,Dam_Absent,20.68,2,35.5,EastHghlnds
7053810,Dam_Absent,12.69,10,49.2,EastHghlnds
7054080,Dam_Absent,15.29,15,32.2,EastHghlnds
7056000,Dam_Absent,17.04,9,39.89,EastHghlnds
7056515,Dam_Absent,15.95,6,33.17,EastHghlnds
7056700,Dam_Absent,19.28,3,35.33,EastHghlnds
7057370,Dam_Absent,19.09,10,33.7,EastHghlnds
7057500,Dam_Absent,10.46,2,97.0,EastHghlnds
7058000,Dam_Absent,18.47,6,54.33,EastHghlnds
7060710,Dam_Present,12.64,16,31.44,EastHghlnds
7061270,Dam_Present,19.33,7,25.71,EastHghlnds
7061500,Dam_Absent,15.71,11,50.55,EastHghlnds
7061600,Dam_Absent,16.91,6,38.17,EastHghlnds
7061900,Dam_Absent,16.8,11,28.82,EastHghlnds
7062500,Dam_Absent,20.66,9,31.67,EastHghlnds
7062575,Dam_Present,18.42,6,33.83,EastHghlnds
7063000,Dam_Present,16.6,14,35.5,EastHghlnds
7065200,Dam_Absent,17.22,8,30.25,EastHghlnds
7065495,Dam_Absent,14.75,15,36.67,EastHghlnds
7066000,Dam_Absent,15.62,10,37.8,EastHghlnds
7067000,Dam_Present,13.93,9,43.56,EastHghlnds
7068000,Dam_Present,16.61,9,50.22,EastHghlnds
7071500,Dam_Absent,7.93,2,122.0,EastHghlnds
7074420,Dam_Absent,13.15,3,90.0,EastHghlnds
7075000,Dam_Absent,18.25,4,70.5,EastHghlnds
7076517,Dam_Absent,19.65,4,29.5,EastHghlnds
7079300,Dam_Absent,15.86,14,52.29,WestMnts
7081200,Dam_Absent,17.49,14,40.71,WestMnts
7087050,Dam_Present,17.34,7,40.14,WestMnts
7093700,Dam_Absent,23.07,1,82.0,WestMnts
7096000,Dam_Absent,18.18,3,136.33,WestMnts
7096250,Dam_Absent,16.68,8,89.0,WestMnts
7141770,Dam_Present,19.59,5,73.6,WestPlains
7141780,Dam_Present,19.3,12,96.83,WestPlains
7141900,Dam_Absent,20.37,3,42.67,WestPlains
7142020,Dam_Absent,23.22,1,734.0,WestPlains
7142575,Dam_Absent,14.46,6,152.67,WestPlains
7143300,Dam_Present,13.41,13,74.38,WestPlains
7143665,Dam_Absent,11.61,15,72.07,WestPlains
7143672,Dam_Absent,12.16,13,95.85,WestPlains
7144100,Dam_Absent,11.79,14,41.36,WestPlains
7144200,Dam_Absent,15.81,10,37.8,WestPlains
7144480,Dam_Absent,15.41,9,35.67,WestPlains
7144485,Dam_Absent,21.53,3,29.67,WestPlains
7144795,Dam_Present,13.11,7,72.29,WestPlains
7144910,Dam_Present,12.59,17,30.24,WestPlains
7145200,Dam_Absent,13.62,17,49.41,WestPlains
7145500,Dam_Absent,14.18,17,65.88,WestPlains
7147070,Dam_Present,13.67,16,54.38,WestPlains
7147800,Dam_Present,13.92,13,47.54,WestPlains
7148400,Dam_Present,15.47,16,58.25,WestPlains
7149000,Dam_Absent,15.76,12,75.92,WestPlains
7151000,Dam_Present,14.88,12,95.58,WestPlains
7151500,Dam_Absent,16.52,12,52.08,WestPlains
7152000,Dam_Present,14.75,15,38.6,WestPlains
7153000,Dam_Present,14.94,14,45.93,WestPlains
7156900,Dam_Present,15.24,13,97.38,WestPlains
7157500,Dam_Absent,17.2,7,122.0,WestPlains
7157950,Dam_Absent,14.81,10,104.1,WestPlains
7158000,Dam_Absent,18.85,16,56.06,WestPlains
7166500,Dam_Absent,13.93,16,39.0,WestPlains
7167500,Dam_Absent,14.57,10,91.4,WestPlains
7169500,Dam_Absent,15.74,23,33.0,WestPlains
7169800,Dam_Present,15.41,8,95.25,WestPlains
7170060,Dam_Absent,15.19,5,31.4,WestPlains
7170500,Dam_Present,14.34,18,31.0,WestPlains
7170700,Dam_Present,20.94,1,20.0,CntlPlains
7170990,Dam_Absent,13.62,12,37.67,WestPlains
7171000,Dam_Absent,14.89,17,38.65,WestPlains
7172000,Dam_Absent,18.51,11,103.91,WestPlains
7176000,Dam_Absent,16.39,13,48.08,CntlPlains
7177500,Dam_Absent,15.7,21,31.71,WestPlains
7180500,Dam_Present,14.9,11,84.82,WestPlains
7184000,Dam_Absent,16.89,16,55.38,CntlPlains
7185000,Dam_Absent,14.9,12,48.42,CntlPlains
7185700,Dam_Absent,18.85,5,91.8,EastHghlnds
7185765,Dam_Present,18.91,4,48.75,EastHghlnds
7185910,Dam_Absent,14.18,6,56.33,EastHghlnds
7186000,Dam_Present,15.9,7,57.14,EastHghlnds
7187000,Dam_Absent,15.83,7,53.0,EastHghlnds
7189100,Dam_Absent,15.88,4,100.5,EastHghlnds
7203000,Dam_Absent,17.61,8,51.25,WestMnts
7204500,Dam_Absent,19.89,5,35.4,WestMnts
7206000,Dam_Present,16.98,17,30.18,WestMnts
7207000,Dam_Absent,15.48,16,28.69,WestMnts
7211000,Dam_Present,23.06,2,15.5,WestMnts
7211500,Dam_Absent,15.25,11,52.36,WestMnts
7216500,Dam_Absent,16.92,9,77.22,WestMnts
7218000,Dam_Present,17.37,9,71.22,WestMnts
7221000,Dam_Absent,20.11,3,44.67,WestMnts
7227000,Dam_Present,12.39,13,32.85,WestPlains
7227100,Dam_Absent,15.25,9,22.44,WestPlains
7227500,Dam_Absent,17.12,14,36.71,WestPlains
7229300,Dam_Present,16.48,6,27.83,WestPlains
7230000,Dam_Present,17.05,12,49.0,WestPlains
7230500,Dam_Present,15.15,7,44.0,WestPlains
7231000,Dam_Present,15.21,13,32.15,WestPlains
7234000,Dam_Absent,24.54,2,419.0,WestPlains
7235000,Dam_Absent,15.96,3,134.33,WestPlains
7237500,Dam_Absent,15.92,10,72.7,WestPlains
7238000,Dam_Absent,15.24,8,93.38,WestPlains
7239000,Dam_Present,18.97,1,121.0,WestPlains
7239300,Dam_Absent,14.09,13,63.38,WestPlains
7239450,Dam_Absent,13.83,12,87.08,WestPlains
7239500,Dam_Present,14.5,12,83.92,WestPlains
7239700,Dam_Absent,13.2,8,80.25,WestPlains
7241000,Dam_Present,15.76,7,53.57,WestPlains
7241520,Dam_Absent,14.79,18,19.94,WestPlains
7241550,Dam_Present,14.58,15,25.6,WestPlains
7241800,Dam_Present,14.02,11,27.36,WestPlains
7242000,Dam_Present,15.86,9,46.33,WestPlains
7242380,Dam_Present,13.45,17,36.47,WestPlains
7243500,Dam_Present,16.07,15,38.13,WestPlains
7249800,Dam_Absent,17.96,11,33.91,EastHghlnds
7249985,Dam_Absent,14.69,16,42.81,EastHghlnds
7258500,Dam_Absent,18.3,8,38.25,EastHghlnds
7263012,Dam_Absent,14.33,9,53.78,EastHghlnds
7263296,Dam_Absent,19.45,4,98.5,EastHghlnds
7280400,Dam_Present,10.64,1,128.0,SEPlains
7281600,Dam_Absent,18.11,8,43.0,SEPlains
7281960,Dam_Absent,17.3,5,45.6,SEPlains
7281977,Dam_Present,17.69,5,50.0,SEPlains
7285500,Dam_Present,15.26,10,36.9,SEPlains
7287150,Dam_Present,15.34,5,25.4,SEPlains
7287160,Dam_Absent,13.56,8,31.75,SEPlains
728875070,Dam_Absent,19.37,3,27.33,SECstPlain
7288955,Dam_Absent,19.46,4,63.25,SECstPlain
7289730,Dam_Present,13.91,13,39.69,SEPlains
7297910,Dam_Absent,16.18,6,29.0,WestPlains
7298500,Dam_Absent,24.15,1,37.0,WestPlains
7299540,Dam_Absent,14.5,12,35.33,WestPlains
7300000,Dam_Absent,15.51,9,65.44,WestPlains
7300500,Dam_Absent,12.58,3,17.33,WestPlains
7301110,Dam_Absent,12.91,11,120.09,WestPlains
7301300,Dam_Absent,17.25,6,84.0,WestPlains
7301420,Dam_Absent,13.78,9,97.78,WestPlains
7303000,Dam_Present,16.31,15,83.47,WestPlains
7303400,Dam_Present,14.15,11,61.27,WestPlains
7305000,Dam_Present,15.66,12,43.58,WestPlains
7307028,Dam_Absent,14.31,13,40.15,WestPlains
7307800,Dam_Absent,14.7,5,34.6,WestPlains
7308200,Dam_Absent,15.72,1,15.0,WestPlains
7311800,Dam_Absent,17.86,1,23.0,WestPlains
7311900,Dam_Present,16.03,11,34.55,WestPlains
7312100,Dam_Present,12.94,15,40.07,WestPlains
7312200,Dam_Present,16.31,7,42.57,WestPlains
7312500,Dam_Absent,14.65,6,43.83,WestPlains
7312700,Dam_Absent,14.0,9,32.56,WestPlains
7315700,Dam_Absent,18.77,3,54.33,WestPlains
7316500,Dam_Present,21.89,1,18.0,WestPlains
7324200,Dam_Present,15.27,6,136.5,WestPlains
7324400,Dam_Present,14.08,10,42.8,WestPlains
7325000,Dam_Absent,13.24,8,68.0,WestPlains
7325800,Dam_Present,14.83,14,35.5,WestPlains
7325850,Dam_Absent,12.45,7,50.86,WestPlains
7325860,Dam_Present,15.88,10,34.3,WestPlains
7326000,Dam_Present,14.55,12,45.42,WestPlains
7326500,Dam_Present,12.67,8,74.88,WestPlains
7327442,Dam_Present,17.75,6,74.17,WestPlains
7327447,Dam_Present,17.68,8,54.88,WestPlains
7327550,Dam_Present,15.04,16,67.06,WestPlains
7328100,Dam_Present,13.89,18,37.44,WestPlains
7328180,Dam_Present,18.92,11,58.55,WestPlains
7328500,Dam_Absent,14.63,15,51.73,WestPlains
7331295,Dam_Absent,20.4,1,164.0,WestPlains
7331300,Dam_Absent,8.45,2,147.5,WestPlains
7332390,Dam_Absent,15.86,5,57.6,WestPlains
7332500,Dam_Present,15.61,12,65.42,WestPlains
7332620,Dam_Absent,19.94,2,24.0,WestPlains
7337900,Dam_Absent,13.78,12,66.33,EastHghlnds
7338500,Dam_Present,15.59,14,63.43,EastHghlnds
7338750,Dam_Absent,15.07,19,38.89,EastHghlnds
7339000,Dam_Absent,18.43,7,21.57,EastHghlnds
7342465,Dam_Present,20.01,9,45.22,WestPlains
7342500,Dam_Present,14.61,9,46.56,WestPlains
7343000,Dam_Absent,18.32,9,43.67,WestPlains
7343200,Dam_Absent,16.69,7,60.86,WestPlains
7343450,Dam_Absent,14.97,5,75.0,WestPlains
7344486,Dam_Absent,18.29,5,27.2,SEPlains
7346045,Dam_Absent,23.12,1,28.0,SEPlains
7348700,Dam_Absent,17.66,7,47.57,SEPlains
7351500,Dam_Absent,22.8,5,37.0,SEPlains
7351750,Dam_Absent,17.68,11,41.45,SEPlains
7352000,Dam_Absent,15.99,9,45.89,SEPlains
7359001,Dam_Present,16.59,2,27.5,EastHghlnds
7359002,Dam_Present,17.87,11,23.0,EastHghlnds
7362100,Dam_Absent,15.01,16,42.69,SEPlains
7362500,Dam_Absent,19.04,2,31.5,SEPlains
7362693,Dam_Present,19.36,3,31.33,EastHghlnds
7363000,Dam_Present,15.9,12,39.0,EastHghlnds
7363200,Dam_Absent,18.5,12,34.17,EastHghlnds
7366200,Dam_Absent,17.22,12,66.92,SEPlains
7367005,Dam_Present,18.62,6,53.67,SEPlains
7372050,Dam_Absent,17.05,10,34.4,SEPlains
7372200,Dam_Absent,16.86,11,44.82,SEPlains
7373000,Dam_Present,13.75,17,25.94,SEPlains
7375000,Dam_Absent,13.8,10,42.4,SEPlains
7375280,Dam_Present,10.96,8,38.75,SEPlains
7375500,Dam_Absent,14.38,9,57.0,SEPlains
7375800,Dam_Absent,12.36,7,25.14,SEPlains
7375960,Dam_Absent,14.8,5,32.2,SEPlains
7376000,Dam_Absent,15.14,15,34.87,SEPlains
7376500,Dam_Absent,16.69,7,28.29,SECstPlain
7377000,Dam_Absent,14.4,10,37.1,SEPlains
7377500,Dam_Absent,13.38,6,28.67,SEPlains
7377782,Dam_Absent,17.53,3,149.67,SEPlains
7378000,Dam_Absent,14.77,10,22.4,SEPlains
7378500,Dam_Absent,11.76,11,26.18,SEPlains
7380120,Dam_Absent,16.76,9,22.33,SEPlains
7381450,Dam_Absent,23.34,3,25.67,SECstPlain
7382000,Dam_Present,16.53,15,58.27,SEPlains
7382500,Dam_Absent,16.27,14,45.86,SEPlains
7385700,Dam_Absent,13.87,8,37.38,SECstPlain
7386980,Dam_Absent,16.03,7,24.0,SECstPlain
8010000,Dam_Present,14.22,18,24.78,SECstPlain
8012000,Dam_Absent,16.01,18,24.22,SEPlains
8012150,Dam_Absent,19.56,3,39.0,SECstPlain
8013000,Dam_Absent,13.41,8,66.62,SEPlains
8013500,Dam_Absent,14.32,8,108.62,SEPlains
8014500,Dam_Absent,16.43,8,66.5,SEPlains
8014800,Dam_Absent,16.23,7,45.43,SEPlains
8015500,Dam_Absent,15.51,11,37.36,SEPlains
8017200,Dam_Present,21.38,3,20.67,WestPlains
8017410,Dam_Present,16.5,11,26.73,WestPlains
8018500,Dam_Present,16.29,10,28.2,SEPlains
8019000,Dam_Present,13.75,9,47.44,SEPlains
8019200,Dam_Present,15.49,12,41.33,SEPlains
8019500,Dam_Absent,18.19,10,49.6,SEPlains
8020000,Dam_Present,14.22,10,38.2,SEPlains
8020450,Dam_Present,14.65,11,45.55,SEPlains
8020900,Dam_Present,14.78,8,38.5,SEPlains
8022040,Dam_Absent,18.8,11,39.09,SEPlains
8023080,Dam_Absent,20.75,3,28.33,SEPlains
8025360,Dam_Present,17.15,1,268.0,SEPlains
8025500,Dam_Absent,16.5,11,38.91,SEPlains
8026000,Dam_Absent,15.53,10,42.1,SEPlains
8028000,Dam_Absent,17.04,8,63.12,SEPlains
8028500,Dam_Absent,16.56,12,44.58,SEPlains
8029500,Dam_Absent,17.19,13,49.15,SEPlains
8030500,Dam_Absent,16.31,13,56.31,SEPlains
8032000,Dam_Absent,18.84,5,51.0,SEPlains
8033000,Dam_Present,22.57,1,34.0,SEPlains
8033500,Dam_Absent,11.06,4,66.25,SEPlains
8033900,Dam_Absent,19.36,3,49.0,SEPlains
8034500,Dam_Present,16.11,4,42.0,SEPlains
8036500,Dam_Absent,17.17,12,47.08,SEPlains
8037050,Dam_Present,15.47,2,23.0,SEPlains
8040600,Dam_Present,17.86,13,38.62,SEPlains
8041000,Dam_Absent,18.41,12,39.5,SEPlains
8041500,Dam_Absent,14.79,8,80.0,SEPlains
8041700,Dam_Absent,15.87,9,27.11,SEPlains
8041780,Dam_Absent,17.69,10,36.8,SEPlains
8043950,Dam_Present,19.87,1,265.0,WestPlains
8044500,Dam_Present,17.23,4,111.25,WestPlains
8047000,Dam_Present,15.98,7,29.57,WestPlains
8047050,Dam_Absent,15.36,11,35.45,WestPlains
8050100,Dam_Present,15.87,8,27.62,WestPlains
8050400,Dam_Present,16.96,9,47.67,WestPlains
8051500,Dam_Absent,20.82,2,206.5,WestPlains
8052700,Dam_Present,17.74,3,19.67,WestPlains
8052745,Dam_Absent,16.62,11,43.45,WestPlains
8052780,Dam_Present,17.6,4,20.75,WestPlains
8053000,Dam_Present,17.02,13,26.54,WestPlains
8053009,Dam_Present,13.14,10,27.3,WestPlains
8053500,Dam_Absent,16.77,1,17.0,WestPlains
8055000,Dam_Present,14.4,11,42.82,WestPlains
8059000,Dam_Present,17.75,5,53.2,WestPlains
8059350,Dam_Present,17.51,12,42.25,WestPlains
8061540,Dam_Absent,13.16,15,25.47,WestPlains
8061551,Dam_Absent,17.1,7,33.86,WestPlains
8061750,Dam_Present,16.33,8,33.0,WestPlains
8062000,Dam_Present,16.56,8,27.88,WestPlains
8062500,Dam_Absent,17.87,9,28.44,WestPlains
8062800,Dam_Present,20.89,3,39.0,SEPlains
8063100,Dam_Present,15.38,6,41.33,WestPlains
8064100,Dam_Present,18.26,5,82.0,WestPlains
8064700,Dam_Absent,18.36,1,36.0,WestPlains
8065200,Dam_Present,20.78,6,42.17,SEPlains
8065800,Dam_Present,15.65,8,42.62,SEPlains
8066170,Dam_Absent,16.97,5,26.2,SEPlains
8066250,Dam_Absent,15.45,14,56.71,WestPlains
8066300,Dam_Present,15.99,8,57.38,SEPlains
8067650,Dam_Present,23.33,1,17.0,SEPlains
8068000,Dam_Absent,12.86,13,25.15,SEPlains
8068090,Dam_Absent,13.98,11,30.91,SEPlains
8068275,Dam_Absent,18.47,9,38.11,SEPlains
8068390,Dam_Present,14.36,11,23.18,SEPlains
8068400,Dam_Present,11.77,7,27.71,SEPlains
8068450,Dam_Present,13.38,10,26.0,SEPlains
8068500,Dam_Present,13.22,10,27.8,SEPlains
8070500,Dam_Absent,14.01,14,34.57,SEPlains
8071280,Dam_Absent,14.57,9,37.44,SEPlains
8078000,Dam_Present,15.3,14,41.29,SECstPlain
8082000,Dam_Absent,16.01,5,40.4,WestPlains
8082500,Dam_Absent,16.02,12,34.92,WestPlains
8083230,Dam_Absent,20.42,5,41.6,WestPlains
8083240,Dam_Absent,14.47,1,30.0,WestPlains
8084000,Dam_Present,17.35,7,118.43,WestPlains
8084800,Dam_Absent,15.88,14,50.86,WestPlains
8085500,Dam_Absent,24.9,2,82.0,WestPlains
8086212,Dam_Present,23.7,2,34.5,WestPlains
8091750,Dam_Present,16.22,2,114.0,WestPlains
8092000,Dam_Absent,17.43,10,29.9,WestPlains
8093360,Dam_Present,16.45,5,69.4,WestPlains
8095000,Dam_Present,12.69,5,71.6,WestPlains
8099500,Dam_Present,13.62,5,34.6,WestPlains
8100000,Dam_Absent,18.0,3,32.67,WestPlains
8100500,Dam_Present,18.31,2,76.5,WestPlains
8102500,Dam_Present,17.38,10,31.1,WestPlains
8103800,Dam_Absent,15.54,3,35.33,WestPlains
8104100,Dam_Present,16.62,2,123.5,WestPlains
8104500,Dam_Absent,13.73,6,27.83,WestPlains
8104700,Dam_Present,18.08,4,56.25,WestPlains
8105700,Dam_Present,16.45,4,69.0,WestPlains
8106350,Dam_Absent,15.18,8,29.62,WestPlains
8106500,Dam_Present,17.32,9,29.0,WestPlains
8111700,Dam_Absent,16.43,6,78.67,WestPlains
8117500,Dam_Absent,15.72,10,55.6,SECstPlain
8121000,Dam_Present,16.09,9,41.67,WestPlains
8126380,Dam_Present,15.48,8,42.25,WestPlains
8136000,Dam_Present,12.86,14,57.07,WestPlains
8136500,Dam_Present,18.22,10,71.0,WestPlains
8143600,Dam_Present,21.1,7,61.43,WestPlains
8144500,Dam_Present,15.43,13,65.77,WestPlains
8144600,Dam_Absent,21.59,6,53.0,WestPlains
8146000,Dam_Present,17.26,5,58.6,WestPlains
8148500,Dam_Absent,11.85,1,324.0,WestPlains
8150000,Dam_Present,13.97,4,179.75,WestPlains
8150700,Dam_Absent,15.2,6,43.5,WestPlains
8151500,Dam_Present,14.64,3,84.33,WestPlains
8152000,Dam_Absent,22.6,2,29.5,WestPlains
8154700,Dam_Present,18.65,2,43.0,WestPlains
8158200,Dam_Present,18.34,3,17.67,WestPlains
8158380,Dam_Present,15.83,6,44.17,WestPlains
8158600,Dam_Present,15.23,6,48.0,WestPlains
8158827,Dam_Absent,22.66,1,17.0,WestPlains
8159000,Dam_Absent,20.47,1,41.0,WestPlains
8160800,Dam_Absent,19.78,9,52.78,SEPlains
8162600,Dam_Absent,14.32,16,26.69,SECstPlain
8164390,Dam_Absent,17.78,7,73.71,WestPlains
8164450,Dam_Absent,14.73,13,36.77,SECstPlain
8164503,Dam_Absent,13.59,15,32.47,SECstPlain
8166140,Dam_Present,13.37,6,62.5,WestPlains
8166200,Dam_Present,16.29,8,33.0,WestPlains
8166250,Dam_Present,18.58,2,56.5,WestPlains
8167000,Dam_Present,17.42,4,48.25,WestPlains
8167500,Dam_Absent,15.72,1,47.0,WestPlains
8174600,Dam_Absent,15.41,11,32.82,SEPlains
8177500,Dam_Present,13.11,8,46.62,SEPlains
8180700,Dam_Present,16.98,5,73.2,WestPlains
8180800,Dam_Absent,18.49,2,190.5,WestPlains
8181480,Dam_Absent,14.7,13,32.92,WestPlains
8181500,Dam_Present,14.07,11,75.64,WestPlains
8181800,Dam_Present,14.29,14,37.93,WestPlains
8183200,Dam_Absent,14.98,8,33.88,WestPlains
8183500,Dam_Absent,15.03,16,32.62,WestPlains
8183890,Dam_Present,17.7,4,28.25,WestPlains
8183900,Dam_Present,16.77,8,43.5,WestPlains
8185065,Dam_Absent,17.87,6,40.83,WestPlains
8185100,Dam_Absent,14.48,8,35.38,WestPlains
8185500,Dam_Present,15.06,6,57.0,WestPlains
8186000,Dam_Present,14.7,12,61.58,SEPlains
8188500,Dam_Present,15.3,12,36.17,SEPlains
8188570,Dam_Absent,16.8,8,46.75,SEPlains
8188800,Dam_Absent,13.56,4,76.0,SEPlains
8206600,Dam_Present,21.62,6,64.0,WestPlains
8206910,Dam_Present,18.16,10,72.3,WestPlains
8207500,Dam_Absent,22.43,2,23.0,SEPlains
8208000,Dam_Absent,16.37,13,56.54,SEPlains
8210000,Dam_Present,12.69,13,33.85,WestPlains
8211000,Dam_Present,16.28,23,30.52,WestPlains
8211520,Dam_Present,13.19,16,31.25,SECstPlain
8211900,Dam_Present,16.81,5,65.0,WestPlains
8254000,Dam_Present,16.49,9,82.0,WestMnts
8255500,Dam_Absent,18.79,9,40.44,WestMnts
8263500,Dam_Absent,24.98,1,38.0,WestMnts
8265000,Dam_Absent,9.01,1,45.0,WestMnts
8266820,Dam_Present,17.24,5,81.8,WestMnts
8276300,Dam_Absent,13.97,8,73.62,WestMnts
8276500,Dam_Absent,13.91,1,64.0,WestMnts
8284100,Dam_Present,19.09,6,28.33,WestMnts
8285500,Dam_Present,17.63,9,46.67,WestMnts
8286500,Dam_Absent,16.09,9,46.44,WestMnts
8287000,Dam_Present,17.09,16,35.69,WestMnts
8289000,Dam_Absent,15.41,8,33.12,WestMnts
8290000,Dam_Absent,15.87,14,26.57,WestMnts
8294210,Dam_Present,13.32,11,29.55,WestMnts
8313000,Dam_Absent,17.52,9,38.33,WestMnts
8316000,Dam_Present,16.94,10,36.0,WestMnts
8317200,Dam_Absent,14.41,11,40.18,WestXeric
8317400,Dam_Present,17.73,9,70.56,WestMnts
8319000,Dam_Absent,13.2,8,64.38,WestMnts
8323000,Dam_Absent,18.69,1,32.0,WestMnts
8324000,Dam_Absent,16.0,10,24.6,WestMnts
8329000,Dam_Present,17.9,6,46.5,WestMnts
8329700,Dam_Absent,15.71,7,22.29,WestXeric
8329918,Dam_Present,15.55,7,51.14,WestMnts
8329928,Dam_Present,15.56,9,78.22,WestMnts
8332010,Dam_Absent,15.97,9,49.44,WestXeric
8340500,Dam_Absent,22.98,2,23.5,WestXeric
8353000,Dam_Absent,23.63,1,16.0,WestXeric
8382650,Dam_Absent,12.54,11,48.91,WestXeric
8382830,Dam_Absent,21.13,11,51.0,WestXeric
8383500,Dam_Absent,14.13,11,23.27,WestXeric
8384500,Dam_Present,16.56,15,38.73,WestXeric
8385522,Dam_Absent,13.59,15,37.67,WestXeric
8385630,Dam_Absent,13.18,11,30.09,WestXeric
8386000,Dam_Absent,13.27,13,61.0,WestXeric
8387000,Dam_Present,14.41,11,25.82,WestMnts
8393610,Dam_Absent,15.94,12,33.83,WestMnts
8394024,Dam_Absent,16.01,8,74.12,WestXeric
8394033,Dam_Absent,15.47,5,85.8,WestXeric
8395500,Dam_Absent,14.24,14,85.43,WestXeric
8396500,Dam_Absent,14.83,13,45.08,WestXeric
8397600,Dam_Absent,14.41,6,80.0,WestMnts
8447020,Dam_Absent,15.84,7,53.29,WestXeric
8477110,Dam_Present,17.08,13,58.69,WestMnts
9019000,Dam_Present,18.82,2,17.5,WestMnts
9019500,Dam_Present,15.02,9,84.56,WestMnts
9021000,Dam_Present,20.13,2,31.0,WestMnts
9041090,Dam_Absent,14.31,8,71.0,WestMnts
9041400,Dam_Present,16.26,12,52.83,WestMnts
9063200,Dam_Present,21.3,4,113.0,WestMnts
9063400,Dam_Present,18.75,5,58.4,WestMnts
9064500,Dam_Absent,13.94,8,32.5,WestMnts
9066000,Dam_Absent,17.25,10,36.5,WestMnts
9073005,Dam_Present,13.67,3,82.67,WestMnts
9073300,Dam_Absent,17.43,13,36.85,WestMnts
9073400,Dam_Present,16.47,14,47.14,WestMnts
9080400,Dam_Present,15.14,13,40.08,WestMnts
9081000,Dam_Present,17.28,4,57.5,WestMnts
9083800,Dam_Absent,20.77,5,20.8,WestMnts
9097900,Dam_Absent,15.35,1,78.0,WestMnts
9126000,Dam_Present,19.88,16,68.12,WestMnts
9132985,Dam_Present,15.67,1,111.0,WestMnts
9132995,Dam_Absent,15.68,3,38.33,WestMnts
9135900,Dam_Absent,19.46,4,35.5,WestMnts
9135950,Dam_Present,22.0,2,37.0,WestMnts
9143000,Dam_Present,16.73,15,23.33,WestMnts
9168730,Dam_Absent,14.66,4,18.5,WestMnts
9169500,Dam_Absent,14.11,6,21.5,WestMnts
9174600,Dam_Absent,13.73,9,28.67,WestMnts
9177000,Dam_Absent,17.21,7,37.14,WestMnts
9183500,Dam_Absent,18.83,7,42.29,WestMnts
9183600,Dam_Absent,15.1,7,35.29,WestMnts
9188500,Dam_Absent,15.86,11,65.45,WestMnts
9197000,Dam_Present,20.36,8,92.5,WestMnts
9217000,Dam_Present,10.35,3,157.33,WestXeric
9217900,Dam_Absent,14.83,8,89.25,WestMnts
9218500,Dam_Present,17.63,8,124.38,WestMnts
9220000,Dam_Absent,17.1,11,40.82,WestMnts
9224700,Dam_Present,17.62,5,49.8,WestXeric
9229500,Dam_Absent,18.89,7,54.29,WestXeric
9234500,Dam_Present,16.45,12,96.58,WestXeric
9240020,Dam_Present,17.2,6,169.0,WestMnts
9244490,Dam_Absent,14.56,5,112.8,WestMnts
9246200,Dam_Absent,18.9,2,64.5,WestMnts
9246500,Dam_Present,17.45,6,28.0,WestMnts
9257000,Dam_Absent,14.17,3,46.0,WestMnts
9258980,Dam_Absent,13.83,7,27.86,WestXeric
9306224,Dam_Absent,24.54,2,38.0,WestXeric
9313000,Dam_Absent,17.69,4,22.25,WestMnts
9346000,Dam_Absent,19.94,3,31.33,WestMnts
9346400,Dam_Absent,17.1,6,33.0,WestMnts
9349800,Dam_Absent,18.12,4,64.0,WestMnts
9353800,Dam_Absent,15.12,8,19.38,WestMnts
9354500,Dam_Absent,14.08,5,64.0,WestMnts
9355500,Dam_Absent,14.24,14,36.93,WestMnts
9358000,Dam_Absent,18.6,8,62.88,WestMnts
9359020,Dam_Absent,15.82,8,84.0,WestMnts
9359500,Dam_Present,16.4,4,85.25,WestMnts
9363500,Dam_Absent,17.69,7,112.57,WestMnts
9364010,Dam_Present,17.35,5,36.8,WestMnts
9364500,Dam_Present,15.41,11,65.18,WestMnts
9365000,Dam_Present,14.39,9,27.67,WestMnts
9367000,Dam_Absent,17.09,11,28.45,WestXeric
9367500,Dam_Absent,14.28,12,78.17,WestXeric
9368000,Dam_Absent,15.54,11,29.27,WestXeric
9370600,Dam_Absent,18.84,3,84.33,WestMnts
9371000,Dam_Absent,21.28,1,88.0,WestXeric
9371010,Dam_Absent,14.74,7,28.57,WestXeric
9371520,Dam_Absent,14.7,12,63.0,WestXeric
9372000,Dam_Absent,13.0,11,47.27,WestXeric
9386900,Dam_Absent,16.7,7,35.57,WestMnts
9418500,Dam_Present,16.37,10,58.4,WestXeric
9430500,Dam_Absent,14.86,18,31.78,WestMnts
9444000,Dam_Absent,14.53,15,45.67,WestMnts
