year,ecoregion,policies_earning_premium,total_premium,producer_paid_premium,total_liability,indemnities,loss_ratio,subsidy_amount,subsidy_rate,excess_loss_ratio,loss_ratio_category,loss_ratio_3yr_avg,loss_ratio_5yr_avg,sfd_event_count,avg_duration,total_duration_days,duration_std,avg_onset_rate,onset_rate_std,avg_flow_percentile,flow_percentile_std,drought_intensity,drought_severity,acres_harvested,revenue_per_acre,sfd_events_per_million_acres,loss_ratio_volatility
2000,CntlPlains,177897,1249143990.3369637,774469274.0089175,15162319842.3212,3435444404.017494,2.7502389080787744,474674716.3280462,0.38,1.7502389080787744,Very High,2.7502389080787744,2.7502389080787744,502,54.92828685258964,27574.0,44.92067566776449,10.290836653386455,4.84604039213941,14.04419816550429,5.40585512671401,27574.0,1963.3730366841412,14548973.336368944,511.96895340547115,34.50415286315223,
2001,CntlPlains,142532,1401460913.026764,868905766.0765936,15962548178.282646,3517588460.6392784,2.509944036214517,532555146.9501703,0.38,1.5099440362145171,Very High,2.6300914721466455,2.6300914721466455,240,42.9,10296.0,49.21737285547635,12.191666666666666,4.074198503375768,15.753759776388245,4.933524910019637,10296.0,653.5582709234692,18691145.55130788,502.1231332045658,12.840304482204752,0.16991413337956868
2002,CntlPlains,139243,1654994655.245231,1026096686.252043,18708459437.71031,4271057416.945929,2.580707679876501,628897968.9931877,0.38,1.5807076798765012,Very High,2.613630208056598,2.613630208056598,582,61.25085910652921,35648.0,64.70607947041036,10.104810996563574,4.464548927303302,15.889194350257359,4.764271334388769,35648.0,2243.5372879319466,13527738.716190992,456.8135993538384,43.02271149748181,0.12348411236831987
2003,CntlPlains,154785,1321476475.905768,819315415.0615761,15386541872.981314,3597892498.982234,2.7226307577788416,502161060.8441918,0.38,1.7226307577788416,Very High,2.6044274912899534,2.6408803454871586,594,60.72727272727273,36072.0,67.07889465571422,9.627946127946128,4.970193805667503,14.768290347645406,5.089124620006403,36072.0,2442.530526612457,17100517.15459211,559.7091645552523,34.73579159215599,0.11461165137773915
2004,CntlPlains,187353,1334832194.9772265,827595960.8858804,15261316171.998222,3147858013.9237385,2.358242501018972,507236234.0913461,0.38,1.3582425010189718,Very High,2.5538603128914383,2.5843527765935215,305,39.49180327868852,12045.0,32.41640207336751,10.580327868852459,4.72266440716199,15.842864860190883,4.728995267720259,12045.0,760.279160763786,14746976.340071952,520.1124979879332,20.682205827592174,0.16071310836012687
2005,CntlPlains,181857,1518110783.1446128,941228685.5496598,17585604319.145683,3991600198.031279,2.6293207599534223,576882097.594953,0.38,1.6293207599534223,Very High,2.570064672917079,2.560169146968451,465,53.670967741935485,24957.0,59.78262812171312,9.894623655913978,4.965362038216336,15.85070299074606,4.902136198712937,24957.0,1574.504298930487,15981958.561813122,484.0397658720944,29.095307574570928,0.13683428297962852
2006,CntlPlains,133397,1652371021.321735,1024470033.2194756,19668132738.00938,4741027802.661551,2.8692271538804848,627900988.1022592,0.38,1.8692271538804848,Very High,2.618930138284293,2.6320257705016443,693,46.35353535353536,32123.0,39.554827388179135,9.808080808080808,4.794848323391227,14.316625244418528,4.7892761830636035,32123.000000000004,2243.7550366503765,15681351.54184588,623.8066215658342,44.19261937663479,0.1884621329023651
2007,CntlPlains,149836,1359402069.3172655,842829282.9767047,17006239617.223864,4025626428.5615225,2.961321392267204,516572786.3405608,0.3799999999999999,1.961321392267204,Very High,2.8199564353670374,2.708148512979785,381,39.61679790026247,15094.0,40.47650561204217,10.755905511811024,4.903891905683428,15.691677410325397,5.150499052747236,15094.0,961.9111842095278,15464106.106066056,445.4524866250949,24.637699546729465,0.23393407331394928
2008,CntlPlains,177015,1402431689.2008777,869507647.3045441,15490707660.800198,3010545873.424562,2.146661328752495,532924041.8963336,0.38,1.146661328752495,Very High,2.6590699583000608,2.5929546271745156,194,46.51546391752577,9024.0,45.554525412245944,10.489690721649485,4.612710183898273,16.087287909811547,4.65405738323032,9024.0,560.9397961042465,15750885.28700638,535.8528874111973,12.316768007956949,0.341910283784909
2009,CntlPlains,163646,1494249356.0087895,926434600.7254496,16937384814.827831,3731720510.6136246,2.4973880668626998,567814755.28334,0.3799999999999999,1.4973880668626998,Very High,2.5351235959608,2.620783740343261,257,39.536964980544745,10161.0,32.80671965947183,12.334630350194553,3.6716937667419267,15.465307957781857,4.791788902640983,10161.0,657.0189244040997,16183734.5178884,577.9918216343433,15.880141861937345,0.323180079916016
2010,CntlPlains,158148,1343108456.2592423,832727242.8807304,15797877815.807257,4191845886.758669,3.121003272091358,510381213.37851214,0.38,2.121003272091358,Very High,2.5883508892355174,2.719120242770848,196,31.26530612244898,6128.0,19.79823924852172,11.418367346938776,4.84090152525175,15.001985934279393,5.126576584367759,6128.0,408.4792524700066,15676321.2553307,513.4591190078881,12.502933360934447,0.39356632760822435
2011,CntlPlains,136769,1155611061.1051135,716478857.8851703,12451417675.845692,3225744646.3925743,2.7913757101872902,439132203.2199432,0.38,1.7913757101872902,Very High,2.803255683047116,2.7035499540322094,177,45.282485875706215,8015.0,38.80120339234856,10.344632768361581,4.697664676784736,17.284636364877123,4.978380627078958,8015.0,463.7066022567134,16024902.258291252,530.6642473960096,11.045309178620453,0.387638496301569
2012,CntlPlains,142008,1573779326.046559,975743182.1488668,17148248556.160675,4226455748.172304,2.6855453482092995,598036143.8976926,0.38,1.6855453482092995,Very High,2.8659747768293156,2.6483947452206285,856,76.47546728971963,65463.0,79.08609184779587,10.005841121495328,4.7838630789722485,13.615205064958063,5.049301195601055,65463.00000000001,4808.080354844192,14857481.551839266,493.327577307324,57.6140712013223,0.3604587290611857
2013,CntlPlains,154651,1162984516.5226853,721050400.2440649,13088808415.459503,3193170678.124217,2.7456691234994017,441934116.2786204,0.3799999999999999,1.7456691234994017,Very High,2.7408633939653306,2.7681963041700097,495,53.95959595959596,26710.0,54.61190257325252,10.860606060606061,4.514793904976908,16.395020117042538,4.632727118653021,26710.0,1629.1532312445956,18937556.298071023,588.3727962075131,26.138536155819672,0.22676298047788113
2014,CntlPlains,183259,1314491297.680382,814984604.5618368,13808460952.449966,3513901995.6540465,2.6732029355042943,499506693.1185452,0.38,1.6732029355042943,Very High,2.7014724690709984,2.8033592778983287,350,39.23142857142857,13731.0,45.036701184042435,9.34,4.525173143325827,15.579514340246915,4.5858888117721825,13731.0,881.3496813907989,18011522.722156942,554.3374803532702,19.432005022509628,0.1838411422605966
2015,CntlPlains,154183,1585729253.0398238,983152136.8846908,17997261074.13517,4599056076.877326,2.900278258763904,602577116.155133,0.38,1.9002782587639042,Very High,2.773050105922534,2.7592142752328384,285,38.76491228070176,11048.0,34.025324512470085,11.480701754385965,4.034684072160398,16.597339987270924,4.639900617293858,11048.000000000002,665.6488333957788,17487959.960241117,522.1265182122985,16.296926608246338,0.09211668938656425
2016,CntlPlains,127312,1500838169.9210374,930519665.3510432,16380666558.046936,3902382742.687615,2.600135591496136,570318504.5699942,0.38,1.600135591496136,Very High,2.7245389285881116,2.720966251494607,244,37.114754098360656,9056.0,33.86324390240257,11.311475409836065,4.313977602222716,17.037252220252576,4.350346873578887,9056.0,531.5411125530514,19205465.530012425,557.4865885984315,12.704716770270455,0.1128040901029674
2017,CntlPlains,174108,1396998307.9189622,866138950.9097565,15873826040.208706,3489737079.918787,2.4980252732856005,530859357.0092057,0.38,1.4980252732856005,Very High,2.6661463745152134,2.6834622365098673,344,45.69476744186046,15719.0,37.1029200748387,11.700581395348838,4.338504761746784,16.510634366787965,4.721660105532284,15719.0,952.0530617296946,13712360.22002004,462.01714974435185,25.086855543494263,0.15191637062146798
2018,CntlPlains,187098,1387273546.3711298,860109598.7501004,15432118204.112473,3278567067.09498,2.363316936065817,527163947.6210294,0.38,1.363316936065817,Very High,2.487159266949184,2.60699179902315,394,39.545685279187815,15581.0,38.80084459302724,11.030456852791879,4.308000285215996,15.88445391623293,4.76391764994932,15580.999999999998,980.8961694350211,14336266.160663618,531.5576357347907,27.482748686758615,0.20105907851402105
2019,CntlPlains,158003,1396215541.9638667,865653636.0175974,16117478010.621971,3315074592.2936764,2.374328671080979,530561905.9462693,0.3799999999999999,1.374328671080979,Very High,2.4118902934774655,2.5472169461384873,58,31.29310344827586,1815.0,17.401359717682936,12.724137931034482,3.847045361797672,18.423437583529463,4.175756614210054,1815.0,98.51581670201485,16269654.430210108,551.6738125935933,3.56491898760329,0.21998980859032047
2020,CntlPlains,155863,1698449652.6418524,1053038784.6379484,19932392331.13427,4746678876.703535,2.794712736594998,645410868.0039039,0.38,1.794712736594998,Very High,2.5107861145805983,2.526103841704706,201,41.70646766169154,8383.0,36.59519651484603,11.761194029850746,4.032702142133012,18.626247847052728,4.235391812949505,8383.0,450.0638061318646,11756661.425217064,573.3053614483787,17.096690355381984,0.17885407701613557
2021,CntlPlains,158744,1173403714.649413,727510303.0826361,13136602604.436712,2977807837.6089554,2.537752182332794,445893411.566777,0.38,1.537752182332794,Very High,2.5689311966695905,2.513627159872038,448,60.95982142857143,27310.0,58.6905828206269,11.566964285714286,4.132046167327149,14.458409292138073,4.8940091805779335,27310.0,1888.8661572784586,17061462.516046572,660.162256111989,26.258006872426616,0.17452203970817962
2022,CntlPlains,165320,1384894799.4269,858634775.6446781,15458894135.053198,3473592872.2005224,2.508199809572518,526260023.782222,0.38,1.5081998095725182,Very High,2.613554909500104,2.5156620671294214,529,56.85822306238185,30078.0,58.75650136061153,10.68241965973535,4.771015413258707,17.14359433330156,4.66778557137346,30078.0,1754.4745527239443,14853786.698352102,612.6872750700944,35.61381422413235,0.17435388037272115
2023,CntlPlains,160055,1486293987.8478942,921502272.4656944,17786739632.003677,3886409392.1202793,2.614832209439045,564791715.3821998,0.38,1.614832209439045,Very High,2.5535947337814524,2.5659651218040667,854,57.45784543325527,49069.0,60.031371072299855,9.878220140515223,4.825845678412901,14.461191468428288,4.7531221297527075,49069.0,3393.1505648844754,18116072.084419925,569.0475362966918,47.14046157579887,0.1545726318135133
2024,CntlPlains,188608,1369706238.5121331,849217867.8775225,15600647868.599049,3883798670.517606,2.8354975405065312,520488370.63461065,0.38,1.8354975405065312,Very High,2.6528431865060313,2.6581988956891776,663,34.619909502262445,22953.0,20.75239647627265,11.539969834087481,4.339569012423948,15.341238532024546,4.927125697778489,22953.0,1496.1634259245789,16449604.704526285,651.9350155088649,40.30491989984224,0.1491296787056779
2000,EastHghlnds,158537,1346246183.2328515,834672633.604368,15658027737.232767,3404086080.0395384,2.52857621617543,511573549.62848353,0.3799999999999999,1.5285762161754302,Very High,2.52857621617543,2.52857621617543,955,36.100523560209425,34476.0,88.79518721339734,9.99476439790576,4.7659006533628965,13.120787247748122,4.662781240699317,34476.0,2627.5862377020862,20364484.82809957,536.5693763401779,46.89536750187072,
2001,EastHghlnds,168864,1131323991.84976,701420874.9468511,13110188367.757074,3070638900.4179354,2.7141994004717587,429903116.9029089,0.3800000000000001,1.7141994004717587,Very High,2.621387808323594,2.621387808323594,983,45.05086469989827,44285.0,44.836242622572506,10.48321464903357,4.923185207596646,12.083026105278796,4.824339131488071,44285.0,3665.058704181141,17970900.534351908,572.0315081227152,54.699540410953055,0.1312554123613743
2002,EastHghlnds,146783,1626307218.4678204,1008310475.4500486,19367556999.474403,3974967476.0851097,2.444167640004705,617996743.0177718,0.38,1.444167640004705,Very High,2.5623144188839646,2.5623144188839646,726,36.705234159779614,26648.0,25.809939815029352,10.392561983471074,5.002774379896895,12.923643236173637,5.258196487474638,26648.0,2061.957260272514,15728633.269931912,498.3124521651605,46.157856664372645,0.13814118740164244
2003,EastHghlnds,147490,1870577479.8375823,1159758037.4993012,21930986547.510937,4940799074.380578,2.641322868277862,710819442.3382814,0.38,1.6413228682778618,Very High,2.5998966362514415,2.5820665312324387,381,30.013123359580053,11435.0,47.58446601856099,12.643044619422572,3.572355138030707,15.73707106385848,4.547186814398008,11435.0,726.6282241211612,16448529.29660548,486.44789293836254,23.16316511523178,0.11950972989704285
2004,EastHghlnds,138354,1518170939.7771325,941265982.6618222,16716726300.962172,3459153600.724353,2.278500734068956,576904957.1153103,0.3799999999999999,1.278500734068956,Very High,2.4546637474505073,2.521353371799742,213,27.309859154929576,5817.0,28.646968730267062,12.948356807511738,3.335367879403379,16.98269208463263,4.807563674812814,5817.0,342.5251998335241,20128557.55266846,580.4109561104386,10.581980325349365,0.17071136545803925
2005,EastHghlnds,150125,1489872148.9168465,923720732.3284448,16561102854.02754,3312868155.150604,2.22359224417954,566151416.5884016,0.38,1.2235922441795402,Very High,2.3811386155087857,2.4603565774005642,629,42.629570747217805,26814.0,43.277925154831166,11.516693163751988,4.437297536743166,15.29481670427215,4.857454101068527,26814.0,1753.1429449893512,18245463.66256897,563.1242943046875,34.47432258410672,0.21597219508080998
2006,EastHghlnds,171005,1468766801.4739373,910635416.9138412,17284232553.59702,3224117705.8881087,2.195118859340122,558131384.5600961,0.38,1.195118859340122,Very High,2.2324039458628726,2.356540469174237,955,33.41989528795811,31916.0,21.915040401426406,11.126701570680629,4.8416940386054055,13.385364794026142,4.5428880742808415,31915.999999999996,2384.395232488848,16858047.14021741,479.75904206195264,56.64950347194746,0.18614638246078555
2007,EastHghlnds,154316,1421362223.8385005,881244578.7798703,17252068252.923813,3269824952.2749133,2.3004867425310445,540117645.0586302,0.38,1.3004867425310445,Very High,2.2397326153502353,2.327804289679505,1267,37.64167324388319,47692.0,27.770802510542616,9.984214680347277,5.066359350890866,13.561634353240283,4.9569912452575355,47692.0,3516.6852871685737,17363017.99397688,505.76823252852705,72.97118510385201,0.18023357203641244
2008,EastHghlnds,137713,1341882045.8555603,831966868.4304473,16192711002.342417,3804841765.430665,2.835451727804261,509915177.42511296,0.38,1.8354517278042608,Very High,2.4436857765584756,2.366630061584785,1000,32.11,32110.0,22.24353107477936,9.207,4.977642808391129,13.707724651131983,4.753864362735385,32110.0,2342.474832053791,14644944.834210427,571.7586231208427,68.28294755088535,0.26542954877147173
2009,EastHghlnds,158220,1364319473.343575,845878073.4730165,15357139334.007626,2732927519.1481237,2.003143378471659,518441399.8705585,0.38,1.003143378471659,Very High,2.3796939496023213,2.3115585904653253,555,28.736936936936935,15949.0,13.844911535949016,11.783783783783784,4.1951609681672535,15.348102060860732,4.491816655891551,15948.999999999998,1039.1512863777223,13610877.17232286,559.8031922103814,40.77621103866611,0.3126510983588539
2010,EastHghlnds,162683,1661091801.471237,1029876916.9121668,18463950495.17563,4121664780.569451,2.481298611502912,631214884.5590701,0.38,1.481298611502912,Very High,2.439964572592944,2.3630998639299996,893,30.970884658454647,27657.0,20.273611684126333,12.019036954087346,4.217553055981988,14.989323390155995,4.292311747826762,27657.0,1845.1133036574088,18081790.31914237,537.9836299201507,49.38670254651838,0.3157506609380093
2011,EastHghlnds,154719,1556060483.4330478,964757499.7284896,17507171289.202484,4604846209.134073,2.9592976996463936,591302983.7045581,0.38,1.9592976996463936,Very High,2.481246563206988,2.515935631991254,561,28.058823529411764,15741.0,16.874910519526217,10.33868092691622,4.3760000130349646,15.396940937792392,4.446497990826789,15741.0,1022.3459363517529,17498100.70235165,532.3673572839504,32.060622437988634,0.3902673125393281
2012,EastHghlnds,133064,1431226867.4918647,887360657.844956,16349276379.27192,3858271916.4542856,2.695779407226798,543866209.6469086,0.38,1.695779407226798,Very High,2.7121252394587017,2.5949941649304042,914,42.68052516411379,39010.0,37.73782146674307,11.204595185995624,4.59519496410985,13.957510145525426,4.894650634087554,39010.0,2794.911097557471,16548482.922547158,582.7818354025628,55.231648984251194,0.375469240522962
2013,EastHghlnds,139513,1471971861.7514472,912622554.2858973,16703320061.557337,3362325328.581704,2.284232067168045,559349307.46555,0.38,1.2842320671680452,Very High,2.6464363913470788,2.4847502328031617,197,24.614213197969544,4849.0,9.45577250620004,12.771573604060913,3.903635675972884,17.716740667507043,4.399882206909542,4849.0,273.69594052325834,22108799.90236914,549.5464855591803,8.910479124599151,0.36806698484229977
2014,EastHghlnds,152731,1540462558.673796,955086786.3777536,18510469823.924995,3520308691.689344,2.28522833733786,585375772.2960424,0.38,1.28522833733786,Very High,2.421746603910901,2.5411672245764017,491,30.45213849287169,14952.0,16.986526789084667,11.266802443991853,4.390167325116962,17.329895887664545,4.307073329428282,14952.0,862.7864874042817,16864742.369101677,516.8168426361887,29.113993517005845,0.28889559582610425
2015,EastHghlnds,176677,1531932260.219493,949798001.3360856,18050273191.742638,3352574565.44258,2.18846136510124,582134258.8834072,0.3799999999999999,1.1884613651012401,Very High,2.2526405898690487,2.4825997752960673,546,26.82234432234432,14645.0,14.744040462945284,12.776556776556777,3.7721188474811864,16.7552320529371,4.594130258745776,14645.0,874.0553370869496,15050339.09996608,530.8495786743374,36.278252361850804,0.33072235449528725
2016,EastHghlnds,148591,1566947944.870283,971507725.8195754,18059632884.92859,3802414180.0661,2.4266372041994515,595440219.0507075,0.3799999999999999,1.4266372041994515,Very High,2.3001089688795173,2.3760676762066786,819,36.06959706959707,29541.0,26.165941976538907,11.081807081807082,4.514513260839641,15.12386563843706,4.806727620364294,29541.000000000004,1953.2704604913988,15197340.920042967,526.5267893217584,53.89100661154902,0.1978980549762329
2017,EastHghlnds,141227,1479703156.8718798,917415957.2605656,16139402467.051388,3072962928.252968,2.076742834521803,562287199.6113143,0.38,1.076742834521803,Very High,2.2306138012741648,2.2522603616656798,743,36.04576043068641,26782.0,23.422650248643752,11.593539703903096,4.461764634432327,13.574334004552632,4.450316533230063,26782.0,1972.988140045597,12633283.991386903,497.7108214074306,58.81289461287826,0.12980088104673124
2018,EastHghlnds,164348,1351177370.4418664,837729969.6739571,15712541508.02048,4118771653.2251234,3.0482834773040857,513447400.7679093,0.38,2.0482834773040857,Very High,2.5172211720084463,2.405070643692888,359,27.011142061281337,9697.0,18.931363488993277,10.428969359331477,4.530449038217443,15.33649489819949,4.442120019225233,9697.0,632.2826737378194,16035511.868452838,528.9293536006136,22.387810438796897,0.3818601753567005
2019,EastHghlnds,159151,1606913072.4605594,996286104.9255468,18365541222.06985,4605232897.959415,2.865888004077114,610626967.5350126,0.38,1.8658880040771142,Very High,2.663638105301001,2.521202577040739,332,25.6144578313253,8504.0,11.204855793840197,12.400602409638553,3.9197847679359654,15.59610548820148,4.723872025346829,8504.0,545.2643293823136,19195806.35917556,568.6057554987243,17.295444316737683,0.4224411514096504
2020,EastHghlnds,156518,1228577546.3342102,761718078.7272103,13739730144.667112,2810314457.359191,2.287453865443428,466859467.6069999,0.38,1.2874538654434282,Very High,2.733875115608209,2.5410010771091764,223,25.816143497757846,5757.0,12.929026963138021,12.42152466367713,4.198013623804742,17.09787342964455,4.575145579883335,5757.0,336.7085400233708,20219224.67334842,610.2790779463808,11.029107376898736,0.40490367639812846
2021,EastHghlnds,154061,1407704014.1501756,872776488.7731088,15935319663.523966,2966135474.3710365,2.1070732515895245,534927525.37706673,0.38,1.1070732515895245,Very High,2.4201383737033555,2.477088286587191,604,26.667218543046356,16107.0,10.534324448549958,13.056291390728477,3.5012639491547137,15.960798471555531,4.602364056027964,16107.0,1009.1600384971355,16855744.331593018,475.79680712346266,35.83348134130821,0.4501605233176959
2022,EastHghlnds,138054,1631584055.5192225,1011582114.4219178,18633116613.74375,4113086245.543588,2.520915935424897,620001941.0973045,0.38,1.5209159354248971,Very High,2.3051476841526166,2.5659229067678098,370,24.2027027027027,8955.0,12.271963033127284,12.54864864864865,3.6831206296691725,17.267445091234347,4.492648435471904,8955.0,518.605963573958,13754735.146422734,457.1325781886007,26.899827300289953,0.3913963528556042
2023,EastHghlnds,162017,1668908735.6664608,1034723416.1132056,19150933201.242523,4121942653.502932,2.469843056970325,634185319.5532551,0.38,1.469843056970325,Very High,2.365944081328249,2.450234822701058,968,31.88119834710744,30861.0,20.09577218677472,11.547520661157025,4.459378188249959,14.262963132709308,4.8526559908923055,30861.0,2163.71589219258,19687381.831509423,537.53000018396,49.16854908816404,0.2839037573142178
2024,EastHghlnds,176102,1319384384.540207,818018318.4149281,14932193275.14659,3195068008.01563,2.421635457758644,501366066.1252786,0.38,1.421635457758644,Very High,2.4707981500512886,2.3613843134373638,974,32.90246406570842,32047.0,21.554723351334427,11.31006160164271,4.7408007307476705,14.041042758730258,4.6562959444179,32047.000000000004,2282.380343872554,20766401.80033865,529.2007872790233,46.90268489286943,0.16657105478856832
2000,MxWdShld,39581,327465871.4461771,203028840.29662985,3743503978.873941,1069984459.3333375,3.267468620800083,124437031.14954732,0.38,2.267468620800083,Very High,3.267468620800083,3.267468620800083,26,30.23076923076923,786.0,18.736718372879903,12.26923076923077,3.790067992083438,19.5896594135211,3.322621595773193,786.0,40.12320905678891,,,0.0,
2001,MxWdShld,38322,334078430.1874831,207128626.7162395,3962325156.883728,984612172.4875114,2.9472485605699004,126949803.47124356,0.38,1.9472485605699004,Very High,3.1073585906849917,3.1073585906849917,6,49.0,294.0,39.08964057138413,13.0,3.0983866769659336,19.48409448993478,3.826746337903499,294.0,15.089230867355752,,,0.0,0.22642977606072678
2002,MxWdShld,36253,231432840.6179712,143488361.18314216,2753608277.167395,562320607.2933699,2.429735580274015,87944479.43482906,0.38,1.429735580274015,Very High,2.881484253881333,2.881484253881333,18,44.166666666666664,795.0,39.24470739887774,13.11111111111111,3.67645751631663,16.510224998094134,3.6474416376407848,795.0,48.15197855218637,,,0.0,0.42272079416907515
2003,MxWdShld,34824,342719855.8068165,212486310.60022625,3775549477.311362,796224107.3331778,2.323250590365536,130233545.2065903,0.38,1.3232505903655358,Very High,2.5667449104031506,2.7419258380023837,13,107.0,1391.0,85.61249908745802,12.076923076923077,4.310095483504174,16.681044870497605,3.6410673114283516,1391.0,83.38806176705079,,,0.0,0.4438860052451786
2004,MxWdShld,16392,289606590.9272774,179556086.37491196,3333751758.040787,910925190.747326,3.14538832776795,110050504.55236542,0.38,2.14538832776795,Very High,2.632791499469167,2.822618335955497,22,46.22727272727273,1017.0,28.562265846795665,13.318181818181818,3.5508062617136837,19.641591169265922,3.1954506040905195,1017.0,51.77788251653183,,,0.0,0.4246557256990161
2005,MxWdShld,30945,301546926.847135,186959094.6452237,3728748601.4326863,653535939.5438001,2.1672777314527267,114587832.2019113,0.38,1.1672777314527267,Very High,2.545305549862071,2.6025801580860257,18,43.388888888888886,781.0,30.053166396529942,12.055555555555555,4.770894875020486,18.01097912713286,4.023725313597723,781.0,43.36243990330615,,,0.0,0.42155233211874
2006,MxWdShld,47965,179376744.36681965,111213581.50742815,2087257687.3403828,348435496.25395423,1.9424786500830613,68163162.85939148,0.38,0.9424786500830613,High,2.4183815697679125,2.4016261759886577,33,134.66666666666666,4444.0,126.36174922288258,12.878787878787879,3.6636523422465292,14.241071800017886,4.989916006053188,4444.0,312.05516427453296,,,0.0,0.4543816274487915
2007,MxWdShld,40819,321977309.8393385,199625932.10038984,3921355003.1179104,1052876034.075219,3.270031775222258,122351377.73894864,0.38,2.270031775222258,Very High,2.4599293855860154,2.5696854149783066,45,56.44444444444444,2540.0,42.647900702653985,11.8,4.208217070101174,16.028089840331734,4.812558837136788,2540.0,158.47178455467338,,,0.0,0.5995767800236556
2008,MxWdShld,29946,382764964.6111087,237314278.05888736,4786878995.851476,1395180277.744661,3.6450051774257135,145450686.5522213,0.38,2.6450051774257135,Very High,2.9525052009103443,2.8340363323903417,25,85.44,2136.0,143.25998510865946,11.48,4.5927479065732895,18.632577725526694,4.665131916152993,2136.0,114.63792243161679,,,0.0,0.738942604607969
2009,MxWdShld,23555,90039381.2322666,55824416.36400529,945114648.6874543,314065126.42149514,3.4880862365249845,34214964.868261315,0.38,2.4880862365249845,Very High,3.4677077297243186,2.9025759141417486,30,45.93333333333333,1378.0,33.99283223972608,13.033333333333333,3.890601702718411,16.648468074879993,4.586383935875311,1378.0,82.77037825955846,,,0.0,0.7892239118841472
2010,MxWdShld,33535,372184361.0809933,230754303.87021583,3853883362.409622,803635821.1477394,2.159241239512628,141430057.21077746,0.38,1.1592412395126281,Very High,3.0974442178211086,2.9009686157537287,23,79.6086956521739,1831.0,94.84520361210335,13.91304347826087,2.3531998230313174,15.11895236057836,4.743203835677128,1830.9999999999998,121.10627484839544,,,0.0,0.791101705907421
2011,MxWdShld,24153,233848547.61267245,144986099.51985693,2955863260.782496,766024898.5954981,3.275730836970084,88862448.09281552,0.3799999999999999,2.275730836970084,Very High,2.974352771002566,3.167619053131134,12,103.66666666666667,1244.0,91.58734860362769,13.916666666666666,2.5746432527221863,16.047921247065595,4.983784183003706,1244.0,77.51782806308753,,,0.0,0.5851493539581109
2012,MxWdShld,38277,237195747.6865265,147061363.56564644,2176568925.3688955,637039050.1315573,2.68571024710551,90134384.12088008,0.38,1.68571024710551,Very High,2.706894107862741,3.050754747507784,28,96.71428571428571,2708.0,87.00696317083845,12.071428571428571,3.9993385696523607,14.822802123549328,4.836033736155875,2708.0,182.69150309290967,,,0.0,0.6170616800177209
2013,MxWdShld,25889,289247968.0949482,179333740.21886787,3470051379.534896,940669046.9951624,3.2521198098317483,109914227.8760803,0.38,2.2521198098317483,Very High,3.0711869646357806,2.972177673988991,9,58.77777777777778,529.0,55.656935277146225,12.11111111111111,3.7564758898615485,16.04868414760685,4.419968892578014,529.0,32.96220394984118,,,0.0,0.5430476498978635
2014,MxWdShld,20988,276456605.1273838,171403095.17897797,2889387189.453259,588375486.5625185,2.128274295676208,105053509.94840586,0.38,1.1282742956762082,Very High,2.6887014508711555,2.700215285819236,5,124.8,624.0,92.65365616099561,15.0,0.0,16.292295119585226,3.79936543097222,624.0,38.30031284234961,,,0.0,0.5603116464016167
2015,MxWdShld,38460,194505001.1657769,120593100.72278167,2065236246.8693595,681995039.8248473,3.5063110754853133,73911900.44299522,0.3799999999999999,2.5063110754853133,Very High,2.9622350603310896,2.969629253013773,14,34.5,483.0,12.358429076171827,13.0,3.0884399845976507,16.155950220721554,5.378934350350435,483.0,29.8961059796103,,,0.0,0.5590202677711466
2016,MxWdShld,35087,315363634.1360108,195525453.16432676,3376043788.7709723,1013934943.2052944,3.2151295629983823,119838180.9716841,0.3799999999999999,2.2151295629983823,Very High,2.949904978053301,2.9575089982194323,16,25.9375,415.0,12.907200832610195,11.875,4.047633053197058,16.859328434870566,4.843951018079098,415.0,24.61545260258678,,,0.0,0.5513284771205538
2017,MxWdShld,30123,254745796.47508484,157942393.8145526,2873215381.7380686,778849468.6392685,3.0573594517208966,96803402.66053224,0.38,2.0573594517208966,Very High,3.259600030068197,3.0318388391425097,15,111.46666666666667,1672.0,153.35666489157447,12.333333333333334,4.546060565661952,18.78039960128832,3.892516314250412,1672.0,89.0289895580977,,,0.0,0.5301705585081525
2018,MxWdShld,31275,387317511.6921831,240136857.2491535,4064466259.615968,917205327.0812124,2.368096714950892,147180654.44302958,0.38,1.3680967149508918,Very High,2.8801952432233904,2.8550342201663383,23,71.43478260869566,1643.0,65.74525637015849,11.695652173913043,4.921518452014356,17.572464472106052,3.9051889032815117,1643.0,93.4985529552809,,,0.0,0.5831067267999592
2019,MxWdShld,41753,292411083.01771885,181294871.47098568,3279232103.540929,663837675.0332924,2.2702206365860174,111116211.54673316,0.38,1.2702206365860174,Very High,2.565225601085935,2.8834234883483,5,42.2,211.0,23.15599274485981,13.8,1.3038404810405297,18.467065096412643,1.974664474776369,211.0,11.425746262246523,,,0.0,0.540798254045136
2020,MxWdShld,25030,202823155.47685912,125750356.39565264,2041566267.054621,329965997.26514614,1.6268655148834483,77072799.08120647,0.38,0.6268655148834483,High,2.0883942888067857,2.5075343762279276,26,53.46153846153846,1390.0,54.87748592581899,13.192307692307692,3.4987909999796303,17.417023346453558,4.066881807803695,1390.0,79.80697805535358,,,0.0,0.64310513870762
2021,MxWdShld,26498,342429901.78744614,212306539.10821664,4001679803.167433,626029306.7001143,1.8281969636188624,130123362.6792295,0.3799999999999999,0.8281969636188624,High,1.9084277050294427,2.230147856352023,40,129.45,5178.0,110.78460274392016,12.125,4.297808028071268,13.754146991107481,3.771539388208014,5178.0,376.468275593372,,,0.0,0.5546234854642221
2022,MxWdShld,34523,346353612.956123,214739240.03279623,3978898373.8311496,1104147064.429562,3.1879184253505635,131614372.92332672,0.38,2.1879184253505635,Very High,2.2143269679509583,2.2562596510779565,20,57.25,1145.0,35.24930010503381,13.4,3.530319800632351,20.16375179711195,4.192892271541533,1145.0,56.78506716016997,,,0.0,0.6041657787234297
2023,MxWdShld,34408,186101256.8830265,115382779.26747644,2382751926.2299166,471269769.24767584,2.5323298570943624,70718477.61555009,0.38,1.5323298570943624,Very High,2.5161484153545963,2.289106279506651,39,73.82051282051282,2879.0,64.20398077299035,12.461538461538462,4.506405697192864,17.14286183865982,4.770141862810278,2879.0,167.9416206637918,,,0.0,0.6161123837256703
2024,MxWdShld,32766,296320154.53984416,183718495.81470335,3437188600.485097,798736825.2066234,2.695519737585797,112601658.72514078,0.38,1.6955197375857969,Very High,2.805256006676908,2.3741660997066067,36,52.666666666666664,1896.0,27.07977632319524,13.13888888888889,3.712163618452011,15.991806948306943,4.504833982726622,1896.0,118.56071087706134,,,0.0,0.6416808482138121
2000,NorthEast,116534,1448525199.2445185,898085623.5316013,16193979051.207935,3777344421.5711102,2.607717438081984,550439575.712917,0.38,1.607717438081984,Very High,2.607717438081984,2.607717438081984,253,31.806324110671937,8047.0,24.7167694087566,11.897233201581027,3.6106808393947882,15.817870327172782,4.3952701314201565,8047.0,508.72840866424565,25119011.66393261,1364.4262978813106,10.072052331711468,
2001,NorthEast,114495,1603074680.2274494,993906301.7410188,18411866459.722942,3927815773.598504,2.450176415387717,609168378.4864308,0.38,1.450176415387717,Very High,2.5289469267348506,2.5289469267348506,634,48.43217665615142,30706.0,45.582513477287876,10.99211356466877,4.73015277647778,12.299238838533222,4.5902022672849485,30706.0,2496.5772600332657,26500585.510675285,1323.3873661316472,23.92399970727456,0.11139832546218002
2002,NorthEast,164432,1193831834.4686687,740175737.3705746,14012100421.716156,3195947235.0631933,2.677049767637997,453656097.0980941,0.38,1.677049767637997,Very High,2.5783145403692327,2.5783145403692327,446,33.587443946188344,14980.0,25.964197029457537,10.51793721973094,4.938579266710001,14.61725323720418,4.524480655611662,14980.000000000002,1024.8163425035661,28603550.547537047,1307.482526829239,15.592469866941167,0.11625952556994971
2003,NorthEast,157029,1567948510.6578147,972128076.6078452,18163022084.12886,3442905332.7409987,2.1958025466643463,595820434.0499697,0.38,1.1958025466643463,Very High,2.4410095765633533,2.482686541943011,131,26.290076335877863,3444.0,11.965005737642597,12.816793893129772,3.9453995151462493,15.412457112177892,4.772815582603668,3444.0,223.45560963662192,22775420.318144035,1476.1304170621308,5.751814814835223,0.21351746499023203
2004,NorthEast,151953,1605096089.16636,995159575.283143,18772418456.54713,4109688684.486109,2.5604004098100828,609936513.8832169,0.38,1.5604004098100828,Very High,2.4777509080374753,2.4982293155164252,177,28.93220338983051,5121.0,14.995678627653104,11.514124293785311,4.463370292819868,15.82820941214742,4.340767135544614,5121.0,323.5362804885478,24108829.3842369,1555.4448951926101,7.341708598913894,0.18814932884191576
2005,NorthEast,146596,1550103725.246121,961064309.6525948,18544406702.75096,3279045349.118931,2.1153715688273014,589039415.593526,0.38,1.1153715688273014,Very High,2.2905248417672435,2.399760141665489,170,28.394117647058824,4827.0,16.236891684793317,11.823529411764707,4.473925696542477,16.71579717653355,4.340467274050306,4827.0,288.76875861932433,24950564.37797831,1273.175535508016,6.813473131294946,0.23859599430688594
2006,NorthEast,158806,1707432322.635459,1058608040.0339844,21079430440.80879,3770218811.3382382,2.2081219626431947,648824282.6014744,0.38,1.2081219626431947,Very High,2.2946313137601932,2.3513492511165848,232,28.82758620689655,6688.0,16.33935353072637,10.125,4.956684672613633,12.615903491164318,4.051845982473197,6688.0,530.124537230648,27836470.04484849,1116.3541009465412,8.334390087041037,0.250088740940802
2007,NorthEast,176121,1732079749.0441425,1073889444.4073682,20172809523.761925,3333802055.2194986,1.9247393528267247,658190304.6367743,0.3800000000000001,0.9247393528267247,High,2.08274429476574,2.2008871681543303,390,31.8,12402.0,19.194338282628266,11.676923076923076,4.256944215721447,15.635132674852215,4.532029763096455,12402.0,793.2136079630181,31745612.61131173,1234.4818845702978,12.285162197847573,0.2307046272787405
2008,NorthEast,174097,1438549214.8844,891900513.228328,16308814586.401936,2690827488.83585,1.870514724831351,546648701.6560721,0.38,0.870514724831351,High,2.00112534676709,2.135829603787731,114,27.25438596491228,3107.0,15.552259263647036,12.18421052631579,4.090926263060693,16.647755159203573,4.273009395690636,3107.0,186.631769285862,26920247.97182556,1329.9569853354037,4.234730680018668,0.2742517842768841
2009,NorthEast,159609,1372255395.0556564,850798344.934507,16677611479.498762,3196513851.2718945,2.329386980578968,521457050.1211494,0.38,1.3293869805789682,Very High,2.041547019412348,2.0896269179415077,134,23.104477611940297,3096.0,9.514744123732203,13.440298507462687,3.0546678050068112,16.8207169351328,4.2879459381854375,3096.0,184.05874208212262,22061395.26598311,1100.8380131788651,6.073958531834892,0.19195495083679803
2010,NorthEast,173621,1384133599.7761848,858162831.8612345,16050405449.090872,2890104479.111641,2.088024219323173,525970767.9149503,0.38,1.0880242193231728,Very High,2.095975308244497,2.084157448040682,518,30.866795366795365,15989.0,18.75536332733252,11.588803088803088,4.240227142996833,15.369851595492566,4.560077765599486,15989.0,1040.2833040163516,26220687.59319257,1278.6431485068983,19.75539345255322,0.19142689119588183
2011,NorthEast,161886,1488337117.8867724,922769013.0897988,16813777683.683104,4368956663.146521,2.935461738231604,565568104.7969735,0.3799999999999999,1.935461738231604,Very High,2.4509576460445817,2.229625403158364,96,30.354166666666668,2914.0,11.9868165886454,11.958333333333334,4.355073669487884,17.645893546405098,4.650090092295011,2914.0,165.1375710919243,27910349.691806067,1226.5769405287692,3.439584278235816,0.4330485488019536
2012,NorthEast,155935,1211081045.1066265,750870247.9661083,13001752765.073923,3176077934.275088,2.6225147748022586,460210797.140518,0.3799999999999999,1.6225147748022586,Very High,2.5486669107856783,2.3691804875534705,553,29.59493670886076,16366.0,18.466443608178334,12.716094032549728,3.6920465739458557,13.469716923256188,5.797333536075667,16366.0,1215.0218221544972,26392492.250564225,1231.6819727021716,20.952928383948958,0.42253775844271924
2013,NorthEast,161448,1424350803.7905607,883097498.3501476,15694369898.64084,3551031252.527997,2.4930875477289707,541253305.4404131,0.38,1.4930875477289707,Very High,2.683688020254278,2.4936950521329946,358,27.85754189944134,9973.0,13.657447321156772,12.008379888268156,3.8519429635933675,16.495859015581956,4.729914260655223,9973.0,604.575972101818,26574786.656587876,1081.3965022344444,13.471415768120645,0.31753687263337976
2014,NorthEast,157180,1751240347.332966,1085769015.346439,19464991590.14165,4810075654.896793,2.746667904392593,665471331.986527,0.3799999999999999,1.7466679043925928,Very High,2.6207567423079405,2.57715123689572,187,27.6524064171123,5171.0,15.319957890589027,12.315508021390375,3.777682787176116,16.13249186364329,4.309834419947692,5171.0,320.53324704620087,24108165.90659753,1327.3893885353398,7.756707860917155,0.3183913117745014
2015,NorthEast,110137,1517324331.9737997,940741085.823756,17077266141.919489,3835499068.088557,2.5278043640802736,576583246.1500438,0.3799999999999999,1.5278043640802736,Very High,2.5891866054006125,2.6651072658471398,486,28.555555555555557,13878.0,13.864439419333593,11.179012345679013,4.43728948701793,14.863824447269769,4.686678879996978,13878.0,933.6762587066986,26065899.441990755,1337.0963101255297,18.64505006173239,0.1802780276730114
2016,NorthEast,151288,1284751561.2203064,796545967.9565899,15369737918.755558,2839396978.971485,2.210074744937081,488205593.26371646,0.38,1.210074744937081,Very High,2.4948490044699825,2.5200298671882355,820,38.05609756097561,31206.0,32.47088335082148,9.736585365853658,4.583388602933409,14.218924068212347,4.5622213087721954,31206.0,2194.6808246739115,25747688.65317669,1123.4692977299412,31.847518860642673,0.19920245065384667
2017,NorthEast,177082,1441414312.855007,893676873.9701042,16810195567.563429,3322618629.515805,2.305110057450935,547737438.8849027,0.38,1.3051100574509351,Very High,2.34766305548943,2.4565489237179703,471,25.29299363057325,11913.0,10.976722651504154,11.32696390658174,4.026943183212565,15.428958877117518,4.041911321068747,11913.0,772.1194991107282,27373446.90853008,1442.438499215014,17.206455641990324,0.20872510797426896
2018,NorthEast,171652,1467252223.3701508,909696378.4894936,17863867261.468735,3406324147.882574,2.321566867391445,557555844.8806573,0.38,1.3215668673914451,Very High,2.2789172232598203,2.422244787650466,244,24.897540983606557,6075.0,12.326230608200701,12.209016393442623,4.230177770118927,15.698089740911135,4.032523743114842,6075.0,386.9897611916315,26472148.20965826,1142.096074524265,9.217234584346182,0.2152126265605202
2019,NorthEast,159922,1377010997.413782,853746818.3965448,17174595165.688305,4295935581.160434,3.1197540101195984,523264179.01723707,0.3799999999999999,2.1197540101195984,Very High,2.582143644987326,2.4968620087958664,135,22.496296296296297,3037.0,8.33521040219542,13.296296296296296,2.812748361369919,17.621880998606684,4.587426833191209,3037.0,172.34255527205792,26892769.384881668,1106.4806294069272,5.019936700007292,0.3669795657866461
2020,NorthEast,133906,1309977440.1422555,812186012.8881984,14988357371.76384,3198711993.0989747,2.441806931233575,497791427.2540572,0.38,1.4418069312335748,Very High,2.627709269581539,2.479662522226527,552,33.58695652173913,18540.0,22.56524422606085,11.027173913043478,4.597914857503342,14.779795648432799,4.6531101668782675,18540.0,1254.4151787352973,29111125.4279368,1298.1195138192472,18.9618227356565,0.36718201458657407
2021,NorthEast,165934,1648961519.414251,1022356142.0368358,18706379818.628437,4145095171.093878,2.513761007938081,626605377.3774155,0.38,1.513761007938081,Very High,2.6917739830970846,2.540399774826727,504,36.71031746031746,18502.0,25.194657925254496,11.446428571428571,4.427133393332867,14.770433103082668,4.429685927809985,18502.0,1252.6376085843099,25139563.322271653,1029.7392692139354,20.048080928816137,0.3351606313173858
2022,NorthEast,153587,1491867672.630765,924957957.0310742,17724907116.404438,4267265832.703456,2.860351431289173,566909715.5996908,0.38,1.860351431289173,Very High,2.605306456820276,2.6514480495943746,445,32.934831460674154,14656.0,19.515131003682747,10.350561797752809,4.625943380668413,15.410979753249048,4.534760898359819,14655.999999999998,951.0102689551663,27170298.064078286,1536.92204474797,16.378178809467396,0.32965125885782776
2023,NorthEast,175242,1409328083.4109836,873783411.7148098,16293270741.419344,3978681309.139,2.8231051065905355,535544671.6961738,0.38,1.8231051065905355,Very High,2.73240584860593,2.7517556974341923,252,23.46031746031746,5912.0,7.771795768068692,13.083333333333334,3.237756588918268,15.603655750851328,4.652527851290749,5912.0,378.8855697920306,29615886.443284508,1325.1518130494026,8.508946726365563,0.2761413766693602
2024,NorthEast,143105,1651195461.8984182,1023741186.3770192,18907376578.199936,3758614708.6939807,2.276299078712712,627454275.5213989,0.38,1.2762990787127122,Very High,2.653251872197474,2.583064711152815,398,36.414572864321606,14493.0,21.93088499280695,10.113065326633166,4.93685876435591,14.121799452454248,4.943295185024275,14493.0,1026.2856407779705,23886926.924047,1255.2186646902383,16.661833532020097,0.25167897881986356
2000,SECstPlain,76632,468982735.5083377,290769296.0151694,5457916160.526814,924478305.5479696,1.9712416589193056,178213439.4931683,0.3799999999999999,0.9712416589193056,High,1.9712416589193056,1.9712416589193056,151,69.52317880794702,10498.0,80.43240097018003,10.052980132450331,4.476290248960179,13.901701934433454,5.552786267681002,10498.0,755.1593358506167,23388793.24405495,637.9193349049264,6.456083408167359,
2001,SECstPlain,58466,632979538.1016825,392447313.6230432,6712299283.005401,1195327951.444584,1.888414837277987,240532224.47863936,0.38,0.888414837277987,High,1.9298282480986462,1.9298282480986462,130,52.323076923076925,6802.0,55.86198599075445,11.569230769230769,4.586698769839531,14.35463630331601,5.381145493258317,6802.0,473.85387245434396,26490576.682107277,668.5197213586046,4.907405435526319,0.05856740724670499
2002,SECstPlain,52723,685585387.9072316,425062940.5024836,8410670759.705089,1553879960.6015654,2.2665009902629736,260522447.404748,0.38,1.2665009902629736,Very High,2.042052495486755,2.042052495486755,118,37.483050847457626,4423.0,28.969696236144532,10.076271186440678,4.574467938163117,15.074831277598847,5.422983986116582,4423.0,293.402952149293,20062554.16046018,674.1000001100874,5.88160405979402,0.19874082545185145
2003,SECstPlain,70956,573994183.604449,355876393.83475846,7005441103.973046,1315269124.9468665,2.2914328446457657,218117789.76969057,0.3799999999999999,1.2914328446457657,Very High,2.1487828907289086,2.104397582776508,40,27.125,1085.0,14.989205517681116,12.35,4.329682880553014,16.664278821412466,4.996201325417017,1085.0,65.10932826002939,27805218.94064204,698.5213067587736,1.438578854041434,0.2046450181106861
2004,SECstPlain,52232,444106635.9006278,275346114.25838923,4987268982.535195,1096493156.9741025,2.468986203618563,168760521.64223856,0.38,1.468986203618563,Very High,2.3423066795091008,2.177315306944919,47,32.276595744680854,1517.0,19.196582720867582,12.127659574468085,4.0304116807559165,16.680459247014873,4.502201107099398,1517.0000000000002,90.94473824343186,21296573.91345151,631.9072978363193,2.206927752370229,0.24082080488953755
2005,SECstPlain,66943,493298407.33562165,305845012.5480854,5330823099.397013,1120876084.7852657,2.272206980840025,187453394.78753623,0.38,1.272206980840025,Very High,2.3442086763681176,2.2375083713290627,74,29.554054054054053,2187.0,17.22545256927133,12.35135135135135,3.6430922904182643,17.113926813841704,4.709764819018781,2187.0,127.79065984033305,19695727.792505104,622.7498067828615,3.7571599678667127,0.2123680158562262
2006,SECstPlain,72408,631933213.1632575,391798592.16121966,7536525037.504009,2210547026.6182647,3.498070651411035,240134621.00203785,0.3799999999999999,2.498070651411035,Very High,2.746421278623208,2.559439534155673,146,68.57534246575342,10012.0,110.5233840519539,11.280821917808218,4.594964486275925,15.308233106964147,4.844825710983472,10012.0,654.027145395719,26360998.635169733,682.9646149712054,5.538485169723918,0.5313551766684804
2007,SECstPlain,50549,760974466.7660389,471804169.3949441,8976659442.85843,1661272801.2827508,2.183086126848337,289170297.3710948,0.38,1.183086126848337,Very High,2.6511212530331325,2.5427565614727454,189,51.71957671957672,9775.0,54.52844941463643,9.957671957671957,4.962444798804067,15.710690796071766,4.443884363938726,9775.0,622.1877909050377,24231164.280155197,591.4264372481053,7.7998728337947405,0.5440107039148535
2008,SECstPlain,44366,662751484.6343355,410905920.473288,7607386075.470182,1354299302.749301,2.043449670273493,251845564.16104752,0.38,1.043449670273493,Very High,2.574868816177622,2.4931599265982904,179,77.18435754189944,13816.0,283.4754306001471,10.888268156424582,4.627570869517534,15.527660749995873,5.051064708790462,13816.0,889.7669921081753,21570987.540018536,593.1304755684617,8.2981829027493,0.5825880220835136
2009,SECstPlain,71495,524042382.37200034,324906277.0706402,5592116307.439737,969652257.9827638,1.850331749111162,199136105.30136013,0.38,0.8503317491111619,High,2.0256225154109972,2.36942903569681,179,45.402234636871505,8127.0,35.43018448309908,10.949720670391061,4.620756471723524,15.70984121994547,4.68282865377079,8126.999999999999,517.3190413714575,26798915.14015137,596.0598596771416,6.67937485767153,0.650717343393634
2010,SECstPlain,63712,633661649.9557433,392870222.9725609,7473555965.907775,1309348230.1385615,2.066320772655265,240791426.98318243,0.3799999999999999,1.0663207726552648,Very High,1.986700730679973,2.328251794059858,155,53.56774193548387,8303.0,48.41729048176185,11.290322580645162,4.346916718802085,15.802133982237565,5.076746989033885,8303.0,525.4353626752571,23754433.702670444,589.1562900625819,6.525097669769964,0.66477005592205
2011,SECstPlain,76968,546441528.6940315,338793747.7902995,7273701667.062376,1078139005.878111,1.9730180618863475,207647780.903732,0.38,0.9730180618863475,High,1.963223527884258,2.0232412761549208,190,49.473684210526315,9400.0,56.371564392600106,10.41578947368421,4.8403903771352175,15.134114773018505,5.004817603844528,9400.0,621.1133020319475,25920371.104433365,609.203932722228,7.3301419657337705,0.12271376685068716
2012,SECstPlain,65605,579344684.195337,359193704.201109,7111778647.354099,1354433421.8439157,2.337871493073444,220150979.9942281,0.3799999999999999,1.337871493073444,Very High,2.1257367758716854,2.0541983493999423,134,40.37313432835821,5410.0,30.713733217361153,9.574626865671641,5.120175140436752,14.721880209402832,5.2055255184095515,5410.0,367.48023506838786,22831595.021321524,681.6505232588871,5.86905995287945,0.17950262496983685
2013,SECstPlain,48457,573888555.2026209,355810904.2256249,6714637915.531108,1241519283.161697,2.163345604136256,218077650.97699597,0.38,1.1633456041362562,Very High,2.158078386365349,2.078177536172495,125,61.176,7647.0,269.8126908227859,11.864,4.0308167746708286,16.56928237711442,5.338573739691976,7647.0,461.5166683719554,21688913.26498485,658.2359973777696,5.763313194755741,0.1856120629204856
2014,SECstPlain,78355,473881794.0031257,293806712.281938,5092489683.588532,1320199031.2130425,2.78592477685339,180075081.72118777,0.38,1.7859247768533901,Very High,2.4290472913543635,2.2652961417209405,76,29.67105263157895,2255.0,17.934984923621386,12.223684210526315,4.015299687314432,15.534220035390373,5.223851128782005,2255.0,145.1633873385734,23525657.993171323,611.5665252487394,3.2305153812088974,0.32083209896464593
2015,SECstPlain,72074,660653165.0952911,409604962.3590805,7545071666.964119,2339387228.874574,3.5410217531269166,251048202.73621064,0.38,2.5410217531269166,Very High,2.8300973780388543,2.560236337815271,69,29.26086956521739,2019.0,14.1750113330311,12.36231884057971,3.94808596400821,17.311016495232973,5.148018273704019,2019.0,116.63093271016076,19299923.81355586,636.4681098063572,3.5751436465016435,0.6254336464897294
2016,SECstPlain,50891,654447620.1711085,405757524.5060872,7125295924.944766,1729059257.3717964,2.642013209429542,248690095.6650213,0.3800000000000001,1.642013209429542,Very High,2.9896532464699495,2.69403536732391,86,50.31395348837209,4327.0,51.42836517123645,12.523255813953488,3.696506281170168,16.129364480554315,4.8671649819943035,4327.0,268.26847426113187,23057470.267581336,565.8977297993196,3.7298107295367733,0.5331557549873607
2017,SECstPlain,30696,646329624.8306853,400724367.3950249,7672915255.385664,1227140791.56848,1.898629962830415,245605257.4356604,0.3799999999999999,0.8986299628304151,High,2.6938883084622915,2.606187061275304,89,36.29213483146067,3230.0,27.353827323691675,10.651685393258427,4.931579876846369,15.94972679251749,5.088816301941399,3230.0,202.51130580589586,28032999.885304756,634.7308512786054,3.1748296780272485,0.6332950860584032
2018,SECstPlain,71843,650467202.8392721,403289665.7603488,7879767013.024591,1655348202.3268952,2.5448603635991853,247177537.0789234,0.38,1.5448603635991853,Very High,2.3618345119530475,2.68249001316789,59,44.54237288135593,2628.0,39.814363217440594,11.94915254237288,3.743609399817053,16.442779511692855,4.567789447828961,2628.0,159.82699264021429,21076600.440892685,638.6901885817396,2.7993129236121295,0.5879609615978114
2019,SECstPlain,66016,653456468.3422738,405143010.3722098,7387232955.703098,1283068113.109305,1.96350969845668,248313457.97006404,0.38,0.96350969845668,High,2.1356666749620934,2.5180069974885475,88,39.84090909090909,3506.0,27.590972354846315,12.704545454545455,3.8391782253740194,16.038256560067307,4.636255481048006,3506.0,218.60231421471204,23670977.91856884,648.3667700596021,3.7176326344746355,0.66214669821362
2020,SECstPlain,67156,486333282.2732216,301526635.0093974,5494441407.439553,1076739935.1309009,2.2139959866575394,184806647.26382416,0.3799999999999999,1.2139959866575394,Very High,2.2407886829044683,2.2526018441946727,72,41.416666666666664,2982.0,81.53090660844123,12.152777777777779,4.2248751034867995,16.92159938497084,4.631714028077749,2982.0,176.2244769042639,23123680.882406756,602.2596552915384,3.113691127556596,0.3344461942146783
2021,SECstPlain,54558,537895787.2645473,333495388.10401934,6351805436.685585,1514557082.7073383,2.8157072774441536,204400399.160528,0.38,1.8157072774441536,Very High,2.3310709875194577,2.287340657797595,74,32.270270270270274,2388.0,20.60542374223802,12.31081081081081,3.9791431433787308,17.404290215774036,4.437393752718672,2388.0000000000005,137.20754885112655,22929648.587339595,628.3948688905874,3.2272627170072923,0.38949634755252743
2022,SECstPlain,50974,667407400.2989968,413792588.1853781,7973308747.70245,1579615945.765971,2.3667941725823045,253614812.11361876,0.3799999999999999,1.3667941725823045,Very High,2.4654991455613327,2.3809734997479723,134,36.1865671641791,4849.0,24.842713613975054,10.440298507462687,4.927307968860658,15.88370240811,4.567877418574449,4849.0,305.28146872886305,23089536.87348365,539.3029748196853,5.8034944890509035,0.3233461497367374
2023,SECstPlain,58413,580573115.8115603,359955331.8031674,6337142441.042406,1700447049.683301,2.9289111110601684,220617784.00839287,0.3799999999999999,1.9289111110601684,Very High,2.703804187028876,2.4577836492401692,164,39.26219512195122,6439.0,26.55746467796208,10.420731707317072,4.748890417509766,15.683079872776869,5.137958328389855,6439.000000000001,410.56986588310355,22288574.41636705,604.5550097785716,7.358030035315796,0.40684415217032155
2024,SECstPlain,69736,410577541.5005732,254558075.73035532,4470694453.255076,1137116696.2874787,2.7695540582457583,156019465.7702178,0.38,1.7695540582457583,Very High,2.68841978062941,2.618992521197985,103,35.922330097087375,3700.0,26.58013754976594,11.96116504854369,4.3609729308795835,15.393368268040964,5.030904142484461,3699.9999999999995,240.36324835297924,22102583.434917904,637.209250506457,4.660088731405012,0.31025844232654926
2000,SEPlains,164629,1645156747.1590843,1019997183.2386324,19857630985.103405,3503000523.834588,2.129280708287338,625159563.920452,0.3799999999999999,1.1292807082873382,Very High,2.129280708287338,2.129280708287338,643,38.2457231726283,24592.0,41.48274377070156,8.850699844479005,5.051089020030335,13.215702255768091,5.276854581907473,24592.0,1860.8167408785741,16480817.080169875,42095.33443981871,39.01505592059956,
2001,SEPlains,173728,1567213132.0267994,971672141.8566155,19050671537.13956,3629218902.2244406,2.315714964390932,595540990.1701838,0.38,1.3157149643909318,Very High,2.222497836339135,2.222497836339135,678,37.01622418879056,25097.0,31.45113725705439,9.889380530973451,5.160167794642636,13.204661990310914,5.315434039104439,25097.0,1900.6166169505314,22987086.32127635,38359.44217763391,29.494821158454425,0.13182892673632055
2002,SEPlains,165936,1418974665.225937,879764292.4400809,16951570822.623552,3880069308.152772,2.734417606768875,539210372.785856,0.38,1.7344176067688748,Very High,2.393137759815715,2.393137759815715,736,35.724184782608695,26293.0,28.42373755292174,8.472826086956522,5.1244985182543115,10.435299710986646,5.418285491132076,26293.0,2519.620971913036,15475615.806076191,42988.72568682591,47.55868905139298,0.3099086694729662
2003,SEPlains,146375,1408071574.919994,873004376.4503962,15658951947.724604,3036651027.792083,2.156602747956633,535067198.4695977,0.38,1.156602747956633,Very High,2.402245106372147,2.3340040068509444,184,25.83695652173913,4754.0,12.50510468351386,12.46195652173913,4.010732661119865,17.235051926018166,4.732019342195889,4754.0,275.8332275647702,19181915.350541595,40527.52501145244,9.59236846985694,0.2793136681853041
2004,SEPlains,158050,1597048015.278865,990169769.4728966,18379420850.891487,4164507516.9384494,2.607628247301802,606878245.8059688,0.3799999999999999,1.6076282473018022,Very High,2.499549534009103,2.388728854941116,165,25.696969696969695,4240.0,10.328402848234456,12.254545454545454,4.203155819977016,16.719010977871584,4.771497216927389,4240.0,253.6035179121447,14134157.02246752,26383.56864051476,11.67384795129399,0.2710832693450656
2005,SEPlains,156531,1715315120.922148,1063495374.9717318,19660514478.124115,4779990041.167209,2.7866541738392074,651819745.9504162,0.38,1.7866541738392074,Very High,2.5169617230325474,2.52020354805149,312,34.92307692307692,10896.0,31.8180192150957,11.099358974358974,4.444701268103908,15.904820043555409,4.679320798791708,10895.999999999998,685.0753400642864,14606485.799184842,33964.12007683061,21.36037403448625,0.2731976389223423
2006,SEPlains,122738,1581243495.9210353,980370967.4710418,17285001471.972137,3669824634.6514673,2.3208472598420937,600872528.4499935,0.38,1.3208472598420937,Very High,2.5717098936610348,2.5212300071417224,711,34.734177215189874,24696.0,33.06486922326549,10.417721518987342,4.847670663065959,14.515099387671622,4.602007244111096,24696.0,1701.4006821734552,19722912.548798203,26808.650222059958,36.04944240567168,0.27224523887516255
2007,SEPlains,134890,1417793140.136096,879031746.8843796,15233168728.10638,3212893641.896142,2.266122998442306,538761393.2517164,0.3799999999999999,1.266122998442306,Very High,2.457874810707869,2.4275710854764085,1012,38.49802371541502,38960.0,29.874531495814143,8.884387351778656,5.03159879849329,12.800359560823303,5.0697095698899535,38960.0,3043.6645013660964,18820326.759385053,37425.78400472714,53.7716487571264,0.26088337699823244
2008,SEPlains,158869,1230999437.3182688,763219651.1373266,13804383287.982023,2997848915.316426,2.4352967389223483,467779786.1809422,0.38,1.4352967389223483,Very High,2.3407556657355824,2.4833098836695515,876,30.735159817351597,26924.0,21.154683563224104,9.79109589041096,4.709476227831369,14.411184043401525,4.57364698267506,26924.0,1868.271192631652,17526859.34242225,30899.45859263726,49.980431912277496,0.21409245855404596
2009,SEPlains,150609,1409305896.2800188,873769655.6936117,15936122655.481104,3507848112.494838,2.4890608360854074,535536240.5864071,0.3799999999999999,1.4890608360854074,Very High,2.3968268578166874,2.4595964014262726,613,33.34094616639478,20438.0,20.61060320472896,10.6557911908646,4.495889906106552,15.00813682584018,4.660427748468388,20438.0,1361.7946209559457,18981058.79885173,34928.64582775236,32.29535330437329,0.20316784622316653
2010,SEPlains,142960,1298686226.9465675,805185460.706872,15051347730.154625,3385314812.6098437,2.6067226573806783,493500766.2396956,0.3799999999999999,1.6067226573806783,Very High,2.5103600774628116,2.4236100981345667,723,39.46196403872752,28531.0,44.86921135298844,11.297372060857539,4.462690052272644,15.394660304016297,4.643009131383677,28531.0,1853.304940581026,18048295.40168494,33163.51225015871,40.059184754506106,0.1353818428817893
2011,SEPlains,145282,1427759741.4810803,885211039.71827,16110785524.08757,2993007754.077022,2.0962965036205867,542548701.7628106,0.38,1.0962965036205867,Very High,2.397359999028891,2.3786999468902654,911,43.68496158068057,39797.0,52.50974356442643,9.51701427003293,4.8177198426448316,13.585449627985176,4.8749700387098365,39797.0,2929.384090315323,19623484.59855616,38632.67706822028,46.42396692721071,0.19987643265533134
2012,SEPlains,157946,1599790270.0796144,991869967.449361,18485498962.551693,3807942805.287332,2.380276262774012,607920302.6302534,0.3799999999999999,1.3802762627740122,Very High,2.3610984745917594,2.4015305997566068,1133,33.82082965578111,38319.0,23.603030073269938,9.669902912621358,4.67594245987825,14.112379025545515,4.972698960334853,38319.0,2715.2757115321865,15696775.681162244,34760.59953981513,72.18042883544022,0.19008226851976415
2013,SEPlains,167463,1632292798.1855004,1012021534.87501,18770683060.322155,4540408466.882397,2.781613979997727,620271263.3104903,0.38,1.781613979997727,Very High,2.4193955821307753,2.4707940479716823,382,32.26701570680628,12326.0,21.421207903057173,10.544502617801047,4.501601772521179,15.071901413980608,5.063022381506133,12326.0,817.8132049461572,18304112.29668978,35759.008633678495,20.8696272077113,0.25683709462936943
2014,SEPlains,162739,1365035312.9562738,846321894.0328897,15789389349.873129,3497183819.004994,2.561973148834589,518713418.9233841,0.38,1.5619731488345892,Very High,2.574621130535443,2.4853765105215184,332,25.867469879518072,8588.0,14.56915674712688,10.617469879518072,4.227809913030793,15.918073217397154,4.986165173036619,8588.0,539.51253287452,18143504.863083653,28943.003196333004,18.298559319457397,0.26018161182466004
2015,SEPlains,150254,1513795741.014438,938553359.4289514,18189972201.220085,3599378034.622471,2.3777171101105257,575242381.5854865,0.38,1.3777171101105257,Very High,2.573768079647614,2.439575401067488,440,26.361363636363638,11599.0,13.854231624285699,11.831818181818182,4.171591346623276,16.621087220170217,4.7618127412549285,11599.0,697.8484527729477,17125281.105714846,29160.582281132058,25.693008907933685,0.2535521817742363
2016,SEPlains,148722,1659180189.9946463,1028691717.7966808,19693941019.39961,3638935960.281137,2.193213240023604,630488472.1979656,0.38,1.1932132400236042,Very High,2.3776344996562395,2.4589587483480915,525,35.161904761904765,18460.0,25.63272739920997,10.272380952380953,4.737790560649874,15.346118697289931,5.134623474210428,18460.0,1202.9100233181416,15140360.84661743,45954.30527897159,34.675527572864446,0.22255908077000106
2017,SEPlains,177147,1568654196.003991,972565601.5224744,18889422580.545784,4013153606.375263,2.5583418044578723,596088594.4815166,0.38,1.5583418044578723,Very High,2.3764240515306674,2.494571856684863,766,31.347258485639685,24012.0,18.634483083641893,10.174934725848564,4.891577227593518,14.208945701511393,4.872832631425006,24012.0,1689.921300596276,17754783.569267772,32593.40398572082,43.14330259287924,0.2210626430513097
2018,SEPlains,160751,1487692504.580477,922369352.8398956,16496454845.630268,3317063721.1577477,2.2296702517118248,565323151.7405813,0.38,1.2296702517118248,Very High,2.3270750987311004,2.384183111027683,354,26.15819209039548,9260.0,16.941086155310018,9.615819209039548,4.991707404427333,14.984563094742676,4.998108050330261,9260.0,617.969302238039,15227168.803740617,25166.536476235426,23.247919857106886,0.17487572196693613
2019,SEPlains,162096,1359112386.469017,842649679.6107906,14752437176.298603,3328107999.8238444,2.4487364201501327,516462706.8582264,0.3799999999999999,1.4487364201501327,Very High,2.41224949210661,2.361535765290792,219,29.310502283105023,6419.0,26.160310809949486,12.968036529680365,3.351554654807834,17.551363623916835,4.356955860591086,6419.0,365.7265690315354,18463798.93076079,41252.04880868102,11.861047708613464,0.15192053298062974
2020,SEPlains,169421,1534609275.7255142,951457750.9498188,17568553518.31236,4449788719.060423,2.8996232392487693,583151524.7756953,0.3799999999999999,1.8996232392487693,Very High,2.5260099703702426,2.4659169911184406,139,24.453237410071942,3399.0,13.856523091917799,12.56115107913669,3.7957167086180394,17.416292570110034,5.054871696477267,3399.0,195.16208666782435,16218772.961606346,23260.18478227678,8.57031541960947,0.28597136462780876
2021,SEPlains,137525,1444171965.5608826,895386618.6477473,16550185008.08805,4191132125.029183,2.902100459623204,548785346.9131353,0.3799999999999999,1.9021004596232038,Very High,2.750153373007368,2.6076944350383604,206,29.859223300970875,6151.0,17.049271134657467,12.155339805825243,3.9168361586521385,17.743871799089664,4.091780697215872,6151.0,346.6548941317065,15312510.081011385,23237.366367735423,13.45305236764904,0.29261875788373826
2022,SEPlains,156765,1308220075.9983487,811096447.1189762,14665325563.271065,3008034668.9577355,2.29933382321946,497123628.8793725,0.3799999999999999,1.29933382321946,Very High,2.7003525073638115,2.5558928387906783,385,33.28311688311688,12814.0,24.848297029368837,10.937662337662339,4.450100623892741,17.448229611607267,4.512996003662083,12814.0,734.4011561766479,15556479.28594998,32333.12966445148,24.7485303662325,0.3247062163590188
2023,SEPlains,167091,1271793197.6043792,788511782.5147151,13849559198.43654,2846360230.1872773,2.238068449767494,483281415.0896641,0.38,1.238068449767494,Very High,2.479834244203386,2.557572478401812,781,34.53905249679897,26975.0,26.241385861299317,10.130601792573623,4.686133201368816,14.411306361742662,4.723488136219459,26975.0,1871.794223430699,18950618.15277155,34807.820712068984,41.2123759607165,0.32261182858048754
2024,SEPlains,151598,1632776900.2148106,1012321678.1331826,18923260123.6446,4305328030.269746,2.636813412599927,620455222.081628,0.3799999999999999,1.6368134125999272,Very High,2.3914052285289604,2.595187876891771,509,28.172888015717092,14340.0,12.934327294005614,11.834970530451866,4.591188394644036,16.090932281838647,4.815366470802801,14340.0,891.1851562625199,15761703.41485598,28434.45360371639,32.29346388539763,0.31767625612375366
2000,WestMnts,109774,870702306.4005829,539835429.9683614,10496086736.698347,2303436189.946304,2.645492234272967,330866876.43222153,0.38,1.6454922342729672,Very High,2.645492234272967,2.645492234272967,374,74.93315508021391,28025.0,80.22440592051952,11.508021390374331,4.379906574048863,16.569096597565878,4.870470995947797,28025.0,1691.4018114975006,13896884.195755238,1050.0212590996455,26.91250748957361,
2001,WestMnts,110113,844822352.4460229,523789858.51653415,9670743663.702496,1831993497.2792175,2.1684955327886724,321032493.9294887,0.38,1.1684955327886724,Very High,2.40699388353082,2.40699388353082,471,80.77707006369427,38046.0,90.82137709223045,9.840764331210192,4.8569006238417085,15.2333759193789,4.7229508867840275,38046.0,2497.5422520493553,14353449.888168989,1248.0310429654378,32.81441072840806,0.33728760222316034
2002,WestMnts,80222,861871425.9628774,534360284.096984,8905241470.924599,2038344551.699916,2.3650216149383185,327511141.8658934,0.38,1.3650216149383185,Very High,2.393003127333319,2.393003127333319,543,85.15469613259668,46239.0,87.65420787272534,9.935543278084715,4.904012969050379,13.885229285606092,5.343749867843107,46239.0,3330.0854489981625,20115372.889052045,1591.4704561600297,26.994279598740732,0.23972627533013172
2003,WestMnts,67471,891617437.4467747,552802811.2170004,9674309248.133505,2483926612.3456287,2.785865897215483,338814626.2297744,0.3799999999999999,1.785865897215483,Very High,2.439794348314158,2.4912188198038603,606,68.66831683168317,41613.0,124.71164977482634,11.046204620462046,4.672533825254122,16.657678106101667,4.4913966197283575,41613.0,2498.1272740981385,14049440.955878768,1095.9891821450667,43.13338885889469,0.2773044302668883
2004,WestMnts,85029,687555267.8801792,426284266.0857111,7992443889.746236,1867554327.2925932,2.716224301575788,261271001.7944681,0.38,1.7162243015757879,Very High,2.62237060457653,2.536219916158246,529,62.34026465028355,32978.0,84.00262388085993,10.625708884688091,4.663261140888603,16.162431009028502,4.870916816351391,32978.0,2040.4108751695921,14564331.553927591,1337.2441924946656,36.32161201777527,0.2603820340379038
2005,WestMnts,87403,901414491.8370632,558876984.9389791,9565289004.761656,1967509888.5434709,2.182691654461565,342537506.89808404,0.38,1.182691654461565,Very High,2.5615939510842787,2.4436598001959653,372,58.88709677419355,21906.0,82.20596147847047,10.71774193548387,4.7524608190061,15.910526634930354,5.542410016432351,21906.0,1376.8243190584928,12912067.54169185,1907.6783568929775,28.810258217659335,0.29214727945687863
2006,WestMnts,85974,799313139.8033317,495574146.67806566,9102450819.212463,1918874760.4802432,2.4006545932078334,303738993.1252661,0.38,1.4006545932078334,Very High,2.4331901830817286,2.490091612279797,386,56.994818652849744,22000.0,67.41520868983721,11.064766839378239,4.436970075624628,17.389898840043948,4.652691005218997,22000.0,1265.1022413851144,21512094.464478973,913.0152405787655,17.94339461633398,0.2533548102363465
2007,WestMnts,101058,886467396.9123752,549609786.0856726,9903000945.7965,2161753038.233595,2.438615391567839,336857610.8267026,0.38,1.438615391567839,Very High,2.3406538797457457,2.504810367605702,389,72.38046272493574,28156.0,70.38029413747941,11.146529562982005,4.614703030428553,16.43903980143914,4.717546776150066,28156.000000000004,1712.7521035343627,14144908.43416826,1208.861215403789,27.501061729062634,0.24631216360121663
2008,WestMnts,89582,1001781504.9227169,621104533.0520844,12388948498.039455,2299441202.7155166,2.2953520217893306,380676971.8706324,0.38,1.2953520217893306,Very High,2.3782073355216675,2.4067075925204713,304,43.99013157894737,13373.0,54.20590770705411,11.773026315789474,4.528362695166449,17.13812759218866,4.613261351885701,13373.0,780.3069459055284,20418116.218392786,977.767588490452,14.88873884095902,0.19964878115232065
2009,WestMnts,97173,1071742945.1213816,664480625.9752566,12208636158.489292,2431597766.6124578,2.268825540379054,407262319.1461251,0.38,1.268825540379054,Very High,2.3342643179120746,2.3172278402811246,308,43.29545454545455,13335.0,41.88366522280849,11.785714285714286,4.49098160481414,17.830223423194443,4.920024734372049,13335.0,747.8874315536152,18888995.106345925,966.3859758867254,16.30579066096135,0.10321855462639601
2010,WestMnts,100575,732865354.5446218,454376519.8176655,8537508221.211335,1504502926.121363,2.052904966501263,278488834.7269563,0.38,1.0529049665012629,Very High,2.205694176223216,2.291270502689064,240,41.725,10014.0,46.20292923025623,11.870833333333334,4.179545646731254,16.707875053794385,4.65766441616943,10014.0,599.3580851998174,15823395.474503156,1229.2177009676236,15.167414628972725,0.1508425996781726
2011,WestMnts,103277,980620045.7292593,607984428.3521407,11791243871.23566,2274806447.3786144,2.3197633551197763,372635617.37711847,0.38,1.3197633551197763,Very High,2.2138312873333645,2.2750922550714527,242,45.68181818181818,11055.0,57.51927333493753,11.723140495867769,4.667558387388537,15.514636697011241,5.0759382598181695,11055.0,712.5529405486916,12002658.721071845,1238.0599601869396,20.162199527938363,0.14013586658294688
2012,WestMnts,99456,884845764.4568734,548604373.9632615,10536149000.28789,1535071030.0193083,1.7348458812610683,336241390.49361193,0.38,0.7348458812610683,High,2.035838067627369,2.134338353010098,407,91.73955773955774,37338.0,92.33949452463447,10.565110565110565,5.0845134738803015,15.814929387889032,5.0780107886707935,37338.0,2360.933715492476,14381743.85417134,1056.1428797375265,28.299766991188072,0.24729550538272058
2013,WestMnts,116400,858213964.7259018,532092658.1300592,10382043823.346842,2303462458.756867,2.6840188501157187,326121306.59584266,0.3799999999999999,1.6840188501157187,Very High,2.246209362165521,2.212071718675376,435,53.724137931034484,23370.0,51.55290997234663,10.418390804597701,4.764464484964359,16.478198845463837,4.598425980678195,23370.0,1418.2375282134283,17980410.136579376,1048.3578698121112,24.192996527650685,0.35022533268106687
2014,WestMnts,84853,779687549.1824793,483406280.4931371,8563337046.966833,1980486932.7275968,2.5401033206239907,296281268.68934214,0.38,1.5401033206239907,Very High,2.3196560173335925,2.2663272747243632,193,48.84455958549223,9427.0,47.64382484402954,10.476683937823834,4.588337274706317,16.60149234604025,4.901946379733408,9427.0,567.8405171959439,19733310.896622702,1136.5051215434078,9.7804165256947,0.38088598799192314
2015,WestMnts,117791,760631910.5527707,471591784.5427178,8443882144.476419,2075847982.289995,2.729109775030899,289040126.0100529,0.38,1.7291097750308988,Very High,2.651077315256869,2.4015682364302906,395,56.81772151898734,22443.0,53.81885569480167,11.670886075949367,4.593422573502794,15.53526626926458,5.1173216618636115,22443.0,1444.6485570963066,17552048.695897937,1061.1269790525625,22.504495449144624,0.4054209280862627
2016,WestMnts,108212,1050969842.0183868,651601302.0513997,12028248409.374796,3155269893.0616264,3.002245894137108,399368539.966987,0.38,2.002245894137108,Very High,2.7571529965973327,2.5380647442337567,326,48.984662576687114,15969.0,44.258295122118795,11.911042944785276,4.2796190504075975,17.87629471175493,4.520439776270858,15969.0,893.3059259478001,15694335.25775645,1013.1400612636429,20.771825926101865,0.479173674770046
2017,WestMnts,73547,885102177.1116823,548763349.809243,9913614855.556791,2477619005.747988,2.799246312819047,336338827.30243933,0.38,1.7992463128190468,Very High,2.8435339939956847,2.750944830545353,150,58.63333333333333,8795.0,60.723425890685434,12.106666666666667,4.36143358407272,17.493409981162813,4.746757788019165,8795.0,502.7607544481378,17727973.33705301,1603.5874552412959,8.461204061407681,0.16948101410179509
2018,WestMnts,78759,925285917.2397348,573677268.6886357,10770912322.32936,2001881808.008403,2.1635278033630008,351608648.5510992,0.3799999999999999,1.1635278033630008,Very High,2.6550066701063852,2.646846621194809,492,64.46138211382114,31715.0,61.06592655039781,10.128048780487806,5.04217102539638,15.205986774540438,5.118126008790258,31715.000000000004,2085.6916733020444,11233884.84624893,1309.7787009584104,43.796069368138674,0.3167383571582496
2019,WestMnts,102485,755617526.7027622,468482866.5557126,8491421915.903276,1825026902.912244,2.415278680572686,287134660.14704967,0.38,1.415278680572686,Very High,2.459350932251578,2.621881693184548,410,42.80975609756098,17552.0,67.0471344801115,12.039024390243902,4.248795488669481,16.126460645134106,4.930071104433948,17552.0,1088.397534104672,18945341.070195973,1383.5071952202934,21.6412044777064,0.3318154940383507
2020,WestMnts,103083,913448431.8816704,566338027.7666357,11080902955.296524,2367463612.464243,2.591786826528734,347110404.1150348,0.38,1.5917868265287338,Very High,2.3901977701548067,2.594417103484115,464,77.61853448275862,36015.0,94.9457214565333,10.77801724137931,4.704700047788264,16.078520177040925,4.46770152932071,36015.0,2239.944945395352,14302133.186758868,1715.802601405212,32.442712841576544,0.3263596211854252
2021,WestMnts,115461,756475232.1605027,469014643.93951166,9441956457.65755,2238525737.9482765,2.9591527161504274,287460588.220991,0.38,1.9591527161504274,Very High,2.6554060744172823,2.585798467886779,599,63.68447412353923,38147.0,59.107313628944,10.52754590984975,4.685652956944442,16.042016943384795,4.978383031637463,38147.0,2377.9428817852345,13120306.843515797,1419.5214207237864,45.65442006381372,0.31320071424925183
2022,WestMnts,86781,700196943.582209,434122105.0209696,8440177353.354808,2192013483.6650853,3.13056705510701,266074838.56123945,0.38,2.13056705510701,Very High,2.8938355325953906,2.6520626163443715,538,50.04275092936803,26923.0,48.044323435679935,11.037174721189592,4.71047339454333,15.965343382686129,4.727238667066631,26923.0,1686.340177887879,19012053.547516946,1395.2698720223837,28.297837403801392,0.3942197654502543
2023,WestMnts,89912,1141727142.4600048,707870828.325203,13304993935.856363,2868948824.290942,2.5128147677293597,433856314.13480186,0.38,1.5128147677293597,Very High,2.867511512995599,2.7219200092176434,399,50.72431077694235,20239.0,42.32102944316582,11.278195488721805,4.537426799595575,16.342498236766314,4.980598672102248,20239.0,1238.4275468035594,15435012.484497452,1288.8470942515557,25.85031922719504,0.3073923864706668
2024,WestMnts,84106,596036524.3594425,369542645.1028543,7046697704.623399,1956746140.566748,3.282929922238664,226493879.25658816,0.38,2.282929922238664,Very High,2.9754372483583444,2.8954502575508387,391,44.089514066496164,17239.0,37.154006134124295,10.923273657289002,4.673904152303473,17.16056828236048,4.533962461558863,17239.0,1004.570461557508,15127527.313761096,1491.5292792050068,25.846920774971466,0.3347012846114923
2000,WestPlains,70230,637771651.5322151,395418423.9499733,7236095160.501112,1149370259.8780096,1.802165802002494,242353227.58224177,0.38,0.802165802002494,High,1.802165802002494,1.802165802002494,230,47.32608695652174,10885.0,41.415381373537414,10.873913043478261,4.837690216411148,16.973493894853583,4.849387844771068,10885.0,641.294012147986,5804452.576744111,387.86725290242657,39.62475305966128,
2001,WestPlains,63227,531583420.6856388,329581720.8250961,6027090531.642106,1285946871.9292245,2.419087619908469,202001699.8605427,0.3799999999999999,1.4190876199084692,Very High,2.1106267109554815,2.1106267109554815,196,79.26020408163265,15535.0,148.5636482712054,10.88265306122449,4.763268119850102,15.966248497024441,5.217619364972361,15535.0,972.9899921634809,7501547.145460216,312.5516130372499,26.127943502776652,0.4362296009032476
2002,WestPlains,56656,508213915.3142216,315092627.4948174,5328703287.283405,1113972962.015897,2.191937151754578,193121287.81940416,0.38,1.191937151754578,Very High,2.137730191221847,2.137730191221847,361,57.686980609418285,20825.0,57.67691693122379,10.634349030470915,4.609089471426771,16.710782144114678,5.26660337288423,20825.0,1246.2013938308864,4968444.919175187,405.3433690578982,72.65854927902264,0.31201270531783015
2003,WestPlains,64124,608095454.9772712,377019182.0859081,7052581148.981125,1979467679.700767,3.2551923608354443,231076272.89136308,0.38,2.2551923608354443,Very High,2.622072377499497,2.4170957336252465,458,63.11572052401747,28907.0,76.96062915162572,10.862445414847162,4.624720480319211,16.541672549467012,4.931193013983464,28907.0,1747.5258268808743,6622679.004773941,284.5051296011424,69.15630361517626,0.6140697929789545
2004,WestPlains,60337,642502950.48454,398351829.3004148,7153747802.772685,1808403106.6210573,2.814622260111429,244151121.1841252,0.38,1.8146222601114288,Very High,2.7539172575671507,2.4966010389224826,476,65.12605042016807,31000.0,97.12438511056227,9.974789915966387,4.892894413866444,15.925233118814871,5.104026638601316,31000.0,1946.5963084317455,5304636.741846057,337.97969879255135,89.73281737560565,0.5607287676220526
2005,WestPlains,68981,355528773.04734033,220427839.289351,3969604838.638058,734483687.9472117,2.065890987251858,135100933.75798935,0.38,1.065890987251858,Very High,2.7119018693995773,2.549346075972356,404,68.08910891089108,27508.0,84.32047445376016,10.693069306930694,4.616815901370221,15.774872279237654,4.579711767480439,27508.0,1743.7859092022625,5101238.239980657,272.4795116590285,79.19645799595745,0.48657673059416134
2006,WestPlains,70006,678713929.880913,420802636.5261661,7212553191.584706,1414836462.5321553,2.084584388566185,257911293.3547469,0.38,1.084584388566185,Very High,2.3216992119764908,2.482445429703899,753,57.72642762284197,43468.0,62.76640715495323,9.139442231075698,4.988065352927517,14.518751505386346,5.191504902509628,43468.0,2993.9213426081233,6825920.712704471,309.6158437187044,110.31478853812482,0.5300201263564456
2007,WestPlains,44652,673258589.4542407,417420325.4616293,7836152804.820659,1980303701.4517488,2.94137161036004,255838263.9926114,0.3799999999999999,1.94137161036004,Very High,2.3639489953926947,2.632332321424991,339,71.59882005899705,24272.0,90.91945586190516,10.374631268436579,5.013420400205525,15.27458899424341,5.122489243590691,24272.0,1589.0443932172234,6397403.42296603,362.3879712459025,52.99024894741269,0.5332853634680758
2008,WestPlains,59479,594258592.5462433,368440327.3786709,6948594570.63154,1360563209.20109,2.2895137340318983,225818265.16757244,0.3799999999999999,1.2895137340318983,Very High,2.4384899109860414,2.4391965960642823,312,45.72435897435897,14266.0,44.10883553867771,9.746794871794872,4.903898572092977,15.79672351649871,5.181766904907475,14265.999999999998,903.0986701197901,5787492.502604007,261.5105820290589,53.90935709370157,0.4125033420082434
2009,WestPlains,79640,400594529.5629681,248368608.3290402,4823400516.090146,921598594.6895888,2.300577084003155,152225921.23392788,0.38,1.3005770840031552,Very High,2.510487476131698,2.3363875608426277,283,33.08480565371025,9363.0,22.889804217325352,10.035335689045937,4.966428659313252,16.37964341717816,5.122124203560967,9363.0,571.6241655285701,5247030.454127044,318.87156140592265,53.935269191625665,0.3556889371187506
2010,WestPlains,78082,719276239.2130597,445951268.31209695,8569373360.523478,1975268989.412511,2.746189685861997,273324970.9009627,0.38,1.7461896858619972,Very High,2.44542683463235,2.4724473005646552,135,47.81481481481482,6455.0,46.65740253935256,11.385185185185184,4.546583406735848,16.790258651647132,4.801314608926878,6455.0,384.44911028018987,6679342.214700193,345.9220669619996,20.211571088974303,0.3564640940664925
2011,WestPlains,65479,657004342.9962468,407342692.65767306,8066540551.395417,1922534063.3585896,2.92621210780881,249661650.33857372,0.3799999999999999,1.92621210780881,Very High,2.657659625891321,2.6407728444131804,532,63.169172932330824,33606.0,67.42717036939021,8.862781954887218,5.126457917239303,14.610817071027876,5.080185053672452,33606.0,2300.0767059522022,4554674.021885366,228.82763179554698,116.80309006609949,0.3248322719745008
2012,WestPlains,57176,329623042.8272582,204366286.5529001,4045583547.3556986,1018182027.16948,3.0889285483086417,125256756.27435812,0.38,2.0889285483086417,Very High,2.9204434473264835,2.6702842320029005,756,79.43783068783068,60055.0,86.51640795299569,9.718253968253968,5.038525498495654,14.952474126688116,5.372481204847993,60055.0,4016.3921696951847,5283223.594274901,222.3291207227128,143.09445483610233,0.36338455062178016
2013,WestPlains,58040,630682741.6412715,391023299.81758827,6404488914.556885,1228124023.6246696,1.947292897897655,239659441.8236832,0.38,0.9472928978976549,High,2.6541445180050354,2.601840064776052,781,55.44302176696543,43301.0,62.445860802538675,8.792573623559539,5.0847177930182825,14.770926386336708,5.066813343602913,43301.0,2931.5019835217627,6560598.08856954,290.148030358659,119.04402456244469,0.46970751629383306
2014,WestPlains,63734,561314419.0588496,348014939.8164867,6699367239.656437,1836009357.928836,3.2709107330740848,213299479.2423629,0.38,2.2709107330740848,Very High,2.769044059760127,2.795906794590238,563,59.08348134991119,33264.0,75.00214796896343,8.516873889875667,4.971912156780742,14.607482153325426,4.927384003037594,33264.0,2277.1891590110467,6647756.877060873,275.19534740986455,84.69022113951245,0.5126127439257706
2015,WestPlains,76599,571274177.8740096,354189990.281886,6138894082.252624,1621651222.6190689,2.838656612581415,217084187.59212363,0.3799999999999999,1.8386566125814152,Very High,2.685620081184385,2.8144001799341214,305,43.68196721311475,13323.0,39.874150329986904,9.652459016393443,5.021388678671975,17.074481153755116,5.141288433778299,13323.0,780.2872532422416,8128640.560501391,317.8838229043624,37.52164925117405,0.5120383360821305
2016,WestPlains,62142,520680808.71291935,322822101.40201,6223659656.702292,1502989654.2885325,2.886585464910452,197858707.31090933,0.3799999999999999,1.886585464910452,Very High,2.998717603521984,2.8064748513544497,279,41.82437275985663,11669.0,32.43978341044628,11.297491039426523,4.593672628175355,17.422435530427705,4.659187123036721,11669.0,669.7685854322996,4293520.376297216,285.437791129734,64.98164106551022,0.5101783473594327
2017,WestPlains,55812,619176460.9342003,383889405.7792042,6664936666.764621,1384599593.8956962,2.236195464870615,235287055.1549961,0.38,1.2361954648706148,Very High,2.6538125141208275,2.6359282346668444,398,45.698492462311556,18188.0,38.521276109272975,11.695979899497488,4.400084029378292,17.513304011578903,4.498437118296375,18188.0,1038.5247688257466,6330813.756101256,302.6526821117498,62.867115561002194,0.534119726715123
2018,WestPlains,54852,484111592.09305423,300149187.0976937,5398988004.910147,1592920230.5721734,3.290398859662067,183962404.99536052,0.3799999999999999,2.290398859662067,Very High,2.8043932631477113,2.9045494270197265,380,36.48947368421052,13866.0,24.64422081898779,9.715789473684211,4.9438283434066514,17.187575258713977,4.834344405884141,13865.999999999998,806.7455584213392,5879296.46451151,341.34852159385474,64.63358367684778,0.42850378554160795
2019,WestPlains,66032,616910560.9831458,382484547.8095504,7104792390.203659,1667470882.7490945,2.70293781337073,234426013.17359543,0.38,1.7029378133707298,Very High,2.7431773793011374,2.7909548430790556,114,33.92982456140351,3868.0,22.02641989566794,11.578947368421053,4.640900768612496,18.142200842051786,4.8226737334878225,3868.0,213.20456286837964,6367388.907176944,274.03383902937276,17.903728146949835,0.37959516776922336
2020,WestPlains,78088,434122540.8419045,269155975.3219808,4960473069.078451,1127284964.8932228,2.5966976114786653,164966565.51992375,0.38,1.5966976114786653,Very High,2.863344761503821,2.7425630428585057,205,44.65853658536585,9155.0,46.3714804996592,11.014634146341463,4.806529513946228,17.64565340492499,4.952857787152832,9155.0,518.8246527297648,3784412.149922661,228.2715090257406,54.169575584992614,0.38733756180734735
2021,WestPlains,72094,709294821.5315216,439762789.3495433,7985821262.733878,1970081361.1564317,2.7775211398027664,269532032.1819782,0.38,1.7775211398027664,Very High,2.6923855215507206,2.7207501778369685,398,60.41708542713568,24046.0,74.18077795618028,11.017587939698492,4.828775231654409,17.264324648039345,4.63386774011183,24046.0,1392.8144013864353,5592117.354330017,442.59590061794773,71.17161081961659,0.3802046002593402
2022,WestPlains,71699,675176047.6288275,418609149.529873,8066111099.392405,2059017952.7779536,3.049601596515583,256566898.09895444,0.38,2.049601596515583,Very High,2.8079401159323383,2.8834314041659623,718,67.86350974930362,48726.0,76.99385604602502,9.961002785515321,4.83491890666461,16.16107666162808,5.002646725289875,48726.0,3015.0218961396413,7107838.540496494,271.1680307696992,101.01523774199948,0.28250939406635894
2023,WestPlains,48585,292862536.70912576,181574772.75965795,2986680915.7420754,644031123.6866412,2.199090163335913,111287763.9494678,0.38,1.1990901633359128,Very High,2.675404299884754,2.6651696649007315,529,50.928166351606805,26941.0,55.8428407269645,9.226843100189036,5.03412198341443,15.229891124784364,5.202772190296317,26941.0,1768.955521694936,5085305.462430211,278.13275150650003,104.02521616610947,0.3097401010829015
2024,WestPlains,60033,714614262.8684394,443060842.9784325,7855563165.577055,1429665127.8478537,2.000610961932417,271553419.89000696,0.3799999999999999,1.0006109619324168,Very High,2.4164342405946377,2.524704294613069,614,44.13029315960912,27096.0,32.4297100743955,10.509771986970684,4.5576677173017694,15.781236137115167,5.243134157200264,27095.999999999996,1716.975765686324,4114869.358586946,313.13023007316656,149.21494377912614,0.425827123454228
